[2026-01-27 13:28:30] local.ERROR: Database file at path [C:\Users\amiru\OneDrive\Documents\GitHub_Project\mobile-project\database\database.sqlite] does not exist. Ensure this is an absolute path to the database. (Connection: sqlite, SQL: select exists (select 1 from sqlite_master where name = 'migrations' and type = 'table') as "exists") {"exception":"[object] (Illuminate\\Database\\QueryException(code: 0): Database file at path [C:\\Users\\amiru\\OneDrive\\Documents\\GitHub_Project\\mobile-project\\database\\database.sqlite] does not exist. Ensure this is an absolute path to the database. (Connection: sqlite, SQL: select exists (select 1 from sqlite_master where name = 'migrations' and type = 'table') as \"exists\") at C:\\Users\\amiru\\OneDrive\\Documents\\GitHub_Project\\mobile-project\\vendor\\laravel\\framework\\src\\Illuminate\\Database\\Connection.php:825)
[stacktrace]
#0 C:\\Users\\amiru\\OneDrive\\Documents\\GitHub_Project\\mobile-project\\vendor\\laravel\\framework\\src\\Illuminate\\Database\\Connection.php(779): Illuminate\\Database\\Connection->runQueryCallback('select exists (...', Array, Object(Closure))
#1 C:\\Users\\amiru\\OneDrive\\Documents\\GitHub_Project\\mobile-project\\vendor\\laravel\\framework\\src\\Illuminate\\Database\\Connection.php(398): Illuminate\\Database\\Connection->run('select exists (...', Array, Object(Closure))
#2 C:\\Users\\amiru\\OneDrive\\Documents\\GitHub_Project\\mobile-project\\vendor\\laravel\\framework\\src\\Illuminate\\Database\\Connection.php(344): Illuminate\\Database\\Connection->select('select exists (...', Array, true)
#3 C:\\Users\\amiru\\OneDrive\\Documents\\GitHub_Project\\mobile-project\\vendor\\laravel\\framework\\src\\Illuminate\\Database\\Connection.php(361): Illuminate\\Database\\Connection->selectOne('select exists (...', Array, true)
#4 C:\\Users\\amiru\\OneDrive\\Documents\\GitHub_Project\\mobile-project\\vendor\\laravel\\framework\\src\\Illuminate\\Database\\Schema\\SQLiteBuilder.php(44): Illuminate\\Database\\Connection->scalar('select exists (...')
#5 C:\\Users\\amiru\\OneDrive\\Documents\\GitHub_Project\\mobile-project\\vendor\\laravel\\framework\\src\\Illuminate\\Database\\Migrations\\DatabaseMigrationRepository.php(184): Illuminate\\Database\\Schema\\SQLiteBuilder->hasTable('migrations')
#6 C:\\Users\\amiru\\OneDrive\\Documents\\GitHub_Project\\mobile-project\\vendor\\laravel\\framework\\src\\Illuminate\\Database\\Migrations\\Migrator.php(742): Illuminate\\Database\\Migrations\\DatabaseMigrationRepository->repositoryExists()
#7 C:\\Users\\amiru\\OneDrive\\Documents\\GitHub_Project\\mobile-project\\vendor\\laravel\\framework\\src\\Illuminate\\Database\\Console\\Migrations\\FreshCommand.php(68): Illuminate\\Database\\Migrations\\Migrator->repositoryExists()
#8 C:\\Users\\amiru\\OneDrive\\Documents\\GitHub_Project\\mobile-project\\vendor\\laravel\\framework\\src\\Illuminate\\Database\\Migrations\\Migrator.php(658): Illuminate\\Database\\Console\\Migrations\\FreshCommand->{closure:Illuminate\\Database\\Console\\Migrations\\FreshCommand::handle():67}()
#9 C:\\Users\\amiru\\OneDrive\\Documents\\GitHub_Project\\mobile-project\\vendor\\laravel\\framework\\src\\Illuminate\\Database\\Console\\Migrations\\FreshCommand.php(67): Illuminate\\Database\\Migrations\\Migrator->usingConnection(NULL, Object(Closure))
#10 C:\\Users\\amiru\\OneDrive\\Documents\\GitHub_Project\\mobile-project\\vendor\\laravel\\framework\\src\\Illuminate\\Container\\BoundMethod.php(36): Illuminate\\Database\\Console\\Migrations\\FreshCommand->handle()
#11 C:\\Users\\amiru\\OneDrive\\Documents\\GitHub_Project\\mobile-project\\vendor\\laravel\\framework\\src\\Illuminate\\Container\\Util.php(43): Illuminate\\Container\\BoundMethod::{closure:Illuminate\\Container\\BoundMethod::call():35}()
#12 C:\\Users\\amiru\\OneDrive\\Documents\\GitHub_Project\\mobile-project\\vendor\\laravel\\framework\\src\\Illuminate\\Container\\BoundMethod.php(95): Illuminate\\Container\\Util::unwrapIfClosure(Object(Closure))
#13 C:\\Users\\amiru\\OneDrive\\Documents\\GitHub_Project\\mobile-project\\vendor\\laravel\\framework\\src\\Illuminate\\Container\\BoundMethod.php(35): Illuminate\\Container\\BoundMethod::callBoundMethod(Object(Illuminate\\Foundation\\Application), Array, Object(Closure))
#14 C:\\Users\\amiru\\OneDrive\\Documents\\GitHub_Project\\mobile-project\\vendor\\laravel\\framework\\src\\Illuminate\\Container\\Container.php(696): Illuminate\\Container\\BoundMethod::call(Object(Illuminate\\Foundation\\Application), Array, Array, NULL)
#15 C:\\Users\\amiru\\OneDrive\\Documents\\GitHub_Project\\mobile-project\\vendor\\laravel\\framework\\src\\Illuminate\\Console\\Command.php(213): Illuminate\\Container\\Container->call(Array)
#16 C:\\Users\\amiru\\OneDrive\\Documents\\GitHub_Project\\mobile-project\\vendor\\symfony\\console\\Command\\Command.php(341): Illuminate\\Console\\Command->execute(Object(Symfony\\Component\\Console\\Input\\ArgvInput), Object(Illuminate\\Console\\OutputStyle))
#17 C:\\Users\\amiru\\OneDrive\\Documents\\GitHub_Project\\mobile-project\\vendor\\laravel\\framework\\src\\Illuminate\\Console\\Command.php(182): Symfony\\Component\\Console\\Command\\Command->run(Object(Symfony\\Component\\Console\\Input\\ArgvInput), Object(Illuminate\\Console\\OutputStyle))
#18 C:\\Users\\amiru\\OneDrive\\Documents\\GitHub_Project\\mobile-project\\vendor\\symfony\\console\\Application.php(1102): Illuminate\\Console\\Command->run(Object(Symfony\\Component\\Console\\Input\\ArgvInput), Object(Symfony\\Component\\Console\\Output\\ConsoleOutput))
#19 C:\\Users\\amiru\\OneDrive\\Documents\\GitHub_Project\\mobile-project\\vendor\\symfony\\console\\Application.php(356): Symfony\\Component\\Console\\Application->doRunCommand(Object(Illuminate\\Database\\Console\\Migrations\\FreshCommand), Object(Symfony\\Component\\Console\\Input\\ArgvInput), Object(Symfony\\Component\\Console\\Output\\ConsoleOutput))
#20 C:\\Users\\amiru\\OneDrive\\Documents\\GitHub_Project\\mobile-project\\vendor\\symfony\\console\\Application.php(195): Symfony\\Component\\Console\\Application->doRun(Object(Symfony\\Component\\Console\\Input\\ArgvInput), Object(Symfony\\Component\\Console\\Output\\ConsoleOutput))
#21 C:\\Users\\amiru\\OneDrive\\Documents\\GitHub_Project\\mobile-project\\vendor\\laravel\\framework\\src\\Illuminate\\Foundation\\Console\\Kernel.php(198): Symfony\\Component\\Console\\Application->run(Object(Symfony\\Component\\Console\\Input\\ArgvInput), Object(Symfony\\Component\\Console\\Output\\ConsoleOutput))
#22 C:\\Users\\amiru\\OneDrive\\Documents\\GitHub_Project\\mobile-project\\vendor\\laravel\\framework\\src\\Illuminate\\Foundation\\Application.php(1235): Illuminate\\Foundation\\Console\\Kernel->handle(Object(Symfony\\Component\\Console\\Input\\ArgvInput), Object(Symfony\\Component\\Console\\Output\\ConsoleOutput))
#23 C:\\Users\\amiru\\OneDrive\\Documents\\GitHub_Project\\mobile-project\\artisan(16): Illuminate\\Foundation\\Application->handleCommand(Object(Symfony\\Component\\Console\\Input\\ArgvInput))
#24 {main}

[previous exception] [object] (Illuminate\\Database\\SQLiteDatabaseDoesNotExistException(code: 0): Database file at path [C:\\Users\\amiru\\OneDrive\\Documents\\GitHub_Project\\mobile-project\\database\\database.sqlite] does not exist. Ensure this is an absolute path to the database. at C:\\Users\\amiru\\OneDrive\\Documents\\GitHub_Project\\mobile-project\\vendor\\laravel\\framework\\src\\Illuminate\\Database\\Connectors\\SQLiteConnector.php:37)
[stacktrace]
#0 C:\\Users\\amiru\\OneDrive\\Documents\\GitHub_Project\\mobile-project\\vendor\\laravel\\framework\\src\\Illuminate\\Database\\Connectors\\ConnectionFactory.php(224): Illuminate\\Database\\Connectors\\SQLiteConnector->connect(Array)
#1 [internal function]: Illuminate\\Database\\Connectors\\ConnectionFactory->{closure:Illuminate\\Database\\Connectors\\ConnectionFactory::createPdoResolverWithoutHosts():224}()
#2 C:\\Users\\amiru\\OneDrive\\Documents\\GitHub_Project\\mobile-project\\vendor\\laravel\\framework\\src\\Illuminate\\Database\\Connection.php(1231): call_user_func(Object(Closure))
#3 C:\\Users\\amiru\\OneDrive\\Documents\\GitHub_Project\\mobile-project\\vendor\\laravel\\framework\\src\\Illuminate\\Database\\Connection.php(1267): Illuminate\\Database\\Connection->getPdo()
#4 C:\\Users\\amiru\\OneDrive\\Documents\\GitHub_Project\\mobile-project\\vendor\\laravel\\framework\\src\\Illuminate\\Database\\Connection.php(512): Illuminate\\Database\\Connection->getReadPdo()
#5 C:\\Users\\amiru\\OneDrive\\Documents\\GitHub_Project\\mobile-project\\vendor\\laravel\\framework\\src\\Illuminate\\Database\\Connection.php(407): Illuminate\\Database\\Connection->getPdoForSelect(true)
#6 C:\\Users\\amiru\\OneDrive\\Documents\\GitHub_Project\\mobile-project\\vendor\\laravel\\framework\\src\\Illuminate\\Database\\Connection.php(812): Illuminate\\Database\\Connection->{closure:Illuminate\\Database\\Connection::select():398}('select exists (...', Array)
#7 C:\\Users\\amiru\\OneDrive\\Documents\\GitHub_Project\\mobile-project\\vendor\\laravel\\framework\\src\\Illuminate\\Database\\Connection.php(779): Illuminate\\Database\\Connection->runQueryCallback('select exists (...', Array, Object(Closure))
#8 C:\\Users\\amiru\\OneDrive\\Documents\\GitHub_Project\\mobile-project\\vendor\\laravel\\framework\\src\\Illuminate\\Database\\Connection.php(398): Illuminate\\Database\\Connection->run('select exists (...', Array, Object(Closure))
#9 C:\\Users\\amiru\\OneDrive\\Documents\\GitHub_Project\\mobile-project\\vendor\\laravel\\framework\\src\\Illuminate\\Database\\Connection.php(344): Illuminate\\Database\\Connection->select('select exists (...', Array, true)
#10 C:\\Users\\amiru\\OneDrive\\Documents\\GitHub_Project\\mobile-project\\vendor\\laravel\\framework\\src\\Illuminate\\Database\\Connection.php(361): Illuminate\\Database\\Connection->selectOne('select exists (...', Array, true)
#11 C:\\Users\\amiru\\OneDrive\\Documents\\GitHub_Project\\mobile-project\\vendor\\laravel\\framework\\src\\Illuminate\\Database\\Schema\\SQLiteBuilder.php(44): Illuminate\\Database\\Connection->scalar('select exists (...')
#12 C:\\Users\\amiru\\OneDrive\\Documents\\GitHub_Project\\mobile-project\\vendor\\laravel\\framework\\src\\Illuminate\\Database\\Migrations\\DatabaseMigrationRepository.php(184): Illuminate\\Database\\Schema\\SQLiteBuilder->hasTable('migrations')
#13 C:\\Users\\amiru\\OneDrive\\Documents\\GitHub_Project\\mobile-project\\vendor\\laravel\\framework\\src\\Illuminate\\Database\\Migrations\\Migrator.php(742): Illuminate\\Database\\Migrations\\DatabaseMigrationRepository->repositoryExists()
#14 C:\\Users\\amiru\\OneDrive\\Documents\\GitHub_Project\\mobile-project\\vendor\\laravel\\framework\\src\\Illuminate\\Database\\Console\\Migrations\\FreshCommand.php(68): Illuminate\\Database\\Migrations\\Migrator->repositoryExists()
#15 C:\\Users\\amiru\\OneDrive\\Documents\\GitHub_Project\\mobile-project\\vendor\\laravel\\framework\\src\\Illuminate\\Database\\Migrations\\Migrator.php(658): Illuminate\\Database\\Console\\Migrations\\FreshCommand->{closure:Illuminate\\Database\\Console\\Migrations\\FreshCommand::handle():67}()
#16 C:\\Users\\amiru\\OneDrive\\Documents\\GitHub_Project\\mobile-project\\vendor\\laravel\\framework\\src\\Illuminate\\Database\\Console\\Migrations\\FreshCommand.php(67): Illuminate\\Database\\Migrations\\Migrator->usingConnection(NULL, Object(Closure))
#17 C:\\Users\\amiru\\OneDrive\\Documents\\GitHub_Project\\mobile-project\\vendor\\laravel\\framework\\src\\Illuminate\\Container\\BoundMethod.php(36): Illuminate\\Database\\Console\\Migrations\\FreshCommand->handle()
#18 C:\\Users\\amiru\\OneDrive\\Documents\\GitHub_Project\\mobile-project\\vendor\\laravel\\framework\\src\\Illuminate\\Container\\Util.php(43): Illuminate\\Container\\BoundMethod::{closure:Illuminate\\Container\\BoundMethod::call():35}()
#19 C:\\Users\\amiru\\OneDrive\\Documents\\GitHub_Project\\mobile-project\\vendor\\laravel\\framework\\src\\Illuminate\\Container\\BoundMethod.php(95): Illuminate\\Container\\Util::unwrapIfClosure(Object(Closure))
#20 C:\\Users\\amiru\\OneDrive\\Documents\\GitHub_Project\\mobile-project\\vendor\\laravel\\framework\\src\\Illuminate\\Container\\BoundMethod.php(35): Illuminate\\Container\\BoundMethod::callBoundMethod(Object(Illuminate\\Foundation\\Application), Array, Object(Closure))
#21 C:\\Users\\amiru\\OneDrive\\Documents\\GitHub_Project\\mobile-project\\vendor\\laravel\\framework\\src\\Illuminate\\Container\\Container.php(696): Illuminate\\Container\\BoundMethod::call(Object(Illuminate\\Foundation\\Application), Array, Array, NULL)
#22 C:\\Users\\amiru\\OneDrive\\Documents\\GitHub_Project\\mobile-project\\vendor\\laravel\\framework\\src\\Illuminate\\Console\\Command.php(213): Illuminate\\Container\\Container->call(Array)
#23 C:\\Users\\amiru\\OneDrive\\Documents\\GitHub_Project\\mobile-project\\vendor\\symfony\\console\\Command\\Command.php(341): Illuminate\\Console\\Command->execute(Object(Symfony\\Component\\Console\\Input\\ArgvInput), Object(Illuminate\\Console\\OutputStyle))
#24 C:\\Users\\amiru\\OneDrive\\Documents\\GitHub_Project\\mobile-project\\vendor\\laravel\\framework\\src\\Illuminate\\Console\\Command.php(182): Symfony\\Component\\Console\\Command\\Command->run(Object(Symfony\\Component\\Console\\Input\\ArgvInput), Object(Illuminate\\Console\\OutputStyle))
#25 C:\\Users\\amiru\\OneDrive\\Documents\\GitHub_Project\\mobile-project\\vendor\\symfony\\console\\Application.php(1102): Illuminate\\Console\\Command->run(Object(Symfony\\Component\\Console\\Input\\ArgvInput), Object(Symfony\\Component\\Console\\Output\\ConsoleOutput))
#26 C:\\Users\\amiru\\OneDrive\\Documents\\GitHub_Project\\mobile-project\\vendor\\symfony\\console\\Application.php(356): Symfony\\Component\\Console\\Application->doRunCommand(Object(Illuminate\\Database\\Console\\Migrations\\FreshCommand), Object(Symfony\\Component\\Console\\Input\\ArgvInput), Object(Symfony\\Component\\Console\\Output\\ConsoleOutput))
#27 C:\\Users\\amiru\\OneDrive\\Documents\\GitHub_Project\\mobile-project\\vendor\\symfony\\console\\Application.php(195): Symfony\\Component\\Console\\Application->doRun(Object(Symfony\\Component\\Console\\Input\\ArgvInput), Object(Symfony\\Component\\Console\\Output\\ConsoleOutput))
#28 C:\\Users\\amiru\\OneDrive\\Documents\\GitHub_Project\\mobile-project\\vendor\\laravel\\framework\\src\\Illuminate\\Foundation\\Console\\Kernel.php(198): Symfony\\Component\\Console\\Application->run(Object(Symfony\\Component\\Console\\Input\\ArgvInput), Object(Symfony\\Component\\Console\\Output\\ConsoleOutput))
#29 C:\\Users\\amiru\\OneDrive\\Documents\\GitHub_Project\\mobile-project\\vendor\\laravel\\framework\\src\\Illuminate\\Foundation\\Application.php(1235): Illuminate\\Foundation\\Console\\Kernel->handle(Object(Symfony\\Component\\Console\\Input\\ArgvInput), Object(Symfony\\Component\\Console\\Output\\ConsoleOutput))
#30 C:\\Users\\amiru\\OneDrive\\Documents\\GitHub_Project\\mobile-project\\artisan(16): Illuminate\\Foundation\\Application->handleCommand(Object(Symfony\\Component\\Console\\Input\\ArgvInput))
#31 {main}
"} 
[2026-01-27 13:28:40] local.ERROR: could not find driver (Connection: sqlite, SQL: PRAGMA foreign_keys = ON;) {"exception":"[object] (Illuminate\\Database\\QueryException(code: 0): could not find driver (Connection: sqlite, SQL: PRAGMA foreign_keys = ON;) at C:\\Users\\amiru\\OneDrive\\Documents\\GitHub_Project\\mobile-project\\vendor\\laravel\\framework\\src\\Illuminate\\Database\\Connection.php:825)
[stacktrace]
#0 C:\\Users\\amiru\\OneDrive\\Documents\\GitHub_Project\\mobile-project\\vendor\\laravel\\framework\\src\\Illuminate\\Database\\Connection.php(779): Illuminate\\Database\\Connection->runQueryCallback('PRAGMA foreign_...', Array, Object(Closure))
#1 C:\\Users\\amiru\\OneDrive\\Documents\\GitHub_Project\\mobile-project\\vendor\\laravel\\framework\\src\\Illuminate\\Database\\Connection.php(560): Illuminate\\Database\\Connection->run('PRAGMA foreign_...', Array, Object(Closure))
#2 C:\\Users\\amiru\\OneDrive\\Documents\\GitHub_Project\\mobile-project\\vendor\\laravel\\framework\\src\\Illuminate\\Database\\Schema\\Builder.php(522): Illuminate\\Database\\Connection->statement('PRAGMA foreign_...')
#3 C:\\Users\\amiru\\OneDrive\\Documents\\GitHub_Project\\mobile-project\\vendor\\laravel\\framework\\src\\Illuminate\\Database\\SQLiteConnection.php(59): Illuminate\\Database\\Schema\\Builder->enableForeignKeyConstraints()
#4 C:\\Users\\amiru\\OneDrive\\Documents\\GitHub_Project\\mobile-project\\vendor\\laravel\\framework\\src\\Illuminate\\Database\\SQLiteConnection.php(28): Illuminate\\Database\\SQLiteConnection->configureForeignKeyConstraints()
#5 C:\\Users\\amiru\\OneDrive\\Documents\\GitHub_Project\\mobile-project\\vendor\\laravel\\framework\\src\\Illuminate\\Database\\Connectors\\ConnectionFactory.php(277): Illuminate\\Database\\SQLiteConnection->__construct(Object(Closure), 'C:\\\\Users\\\\amiru\\\\...', '', Array)
#6 C:\\Users\\amiru\\OneDrive\\Documents\\GitHub_Project\\mobile-project\\vendor\\laravel\\framework\\src\\Illuminate\\Database\\Connectors\\ConnectionFactory.php(76): Illuminate\\Database\\Connectors\\ConnectionFactory->createConnection('sqlite', Object(Closure), 'C:\\\\Users\\\\amiru\\\\...', '', Array)
#7 C:\\Users\\amiru\\OneDrive\\Documents\\GitHub_Project\\mobile-project\\vendor\\laravel\\framework\\src\\Illuminate\\Database\\Connectors\\ConnectionFactory.php(51): Illuminate\\Database\\Connectors\\ConnectionFactory->createSingleConnection(Array)
#8 C:\\Users\\amiru\\OneDrive\\Documents\\GitHub_Project\\mobile-project\\vendor\\laravel\\framework\\src\\Illuminate\\Database\\DatabaseManager.php(207): Illuminate\\Database\\Connectors\\ConnectionFactory->make(Array, 'sqlite')
#9 C:\\Users\\amiru\\OneDrive\\Documents\\GitHub_Project\\mobile-project\\vendor\\laravel\\framework\\src\\Illuminate\\Database\\DatabaseManager.php(103): Illuminate\\Database\\DatabaseManager->makeConnection('sqlite')
#10 C:\\Users\\amiru\\OneDrive\\Documents\\GitHub_Project\\mobile-project\\vendor\\laravel\\framework\\src\\Illuminate\\Database\\Migrations\\DatabaseMigrationRepository.php(226): Illuminate\\Database\\DatabaseManager->connection('sqlite')
#11 C:\\Users\\amiru\\OneDrive\\Documents\\GitHub_Project\\mobile-project\\vendor\\laravel\\framework\\src\\Illuminate\\Database\\Migrations\\DatabaseMigrationRepository.php(182): Illuminate\\Database\\Migrations\\DatabaseMigrationRepository->getConnection()
#12 C:\\Users\\amiru\\OneDrive\\Documents\\GitHub_Project\\mobile-project\\vendor\\laravel\\framework\\src\\Illuminate\\Database\\Migrations\\Migrator.php(742): Illuminate\\Database\\Migrations\\DatabaseMigrationRepository->repositoryExists()
#13 C:\\Users\\amiru\\OneDrive\\Documents\\GitHub_Project\\mobile-project\\vendor\\laravel\\framework\\src\\Illuminate\\Database\\Console\\Migrations\\FreshCommand.php(68): Illuminate\\Database\\Migrations\\Migrator->repositoryExists()
#14 C:\\Users\\amiru\\OneDrive\\Documents\\GitHub_Project\\mobile-project\\vendor\\laravel\\framework\\src\\Illuminate\\Database\\Migrations\\Migrator.php(658): Illuminate\\Database\\Console\\Migrations\\FreshCommand->{closure:Illuminate\\Database\\Console\\Migrations\\FreshCommand::handle():67}()
#15 C:\\Users\\amiru\\OneDrive\\Documents\\GitHub_Project\\mobile-project\\vendor\\laravel\\framework\\src\\Illuminate\\Database\\Console\\Migrations\\FreshCommand.php(67): Illuminate\\Database\\Migrations\\Migrator->usingConnection(NULL, Object(Closure))
#16 C:\\Users\\amiru\\OneDrive\\Documents\\GitHub_Project\\mobile-project\\vendor\\laravel\\framework\\src\\Illuminate\\Container\\BoundMethod.php(36): Illuminate\\Database\\Console\\Migrations\\FreshCommand->handle()
#17 C:\\Users\\amiru\\OneDrive\\Documents\\GitHub_Project\\mobile-project\\vendor\\laravel\\framework\\src\\Illuminate\\Container\\Util.php(43): Illuminate\\Container\\BoundMethod::{closure:Illuminate\\Container\\BoundMethod::call():35}()
#18 C:\\Users\\amiru\\OneDrive\\Documents\\GitHub_Project\\mobile-project\\vendor\\laravel\\framework\\src\\Illuminate\\Container\\BoundMethod.php(95): Illuminate\\Container\\Util::unwrapIfClosure(Object(Closure))
#19 C:\\Users\\amiru\\OneDrive\\Documents\\GitHub_Project\\mobile-project\\vendor\\laravel\\framework\\src\\Illuminate\\Container\\BoundMethod.php(35): Illuminate\\Container\\BoundMethod::callBoundMethod(Object(Illuminate\\Foundation\\Application), Array, Object(Closure))
#20 C:\\Users\\amiru\\OneDrive\\Documents\\GitHub_Project\\mobile-project\\vendor\\laravel\\framework\\src\\Illuminate\\Container\\Container.php(696): Illuminate\\Container\\BoundMethod::call(Object(Illuminate\\Foundation\\Application), Array, Array, NULL)
#21 C:\\Users\\amiru\\OneDrive\\Documents\\GitHub_Project\\mobile-project\\vendor\\laravel\\framework\\src\\Illuminate\\Console\\Command.php(213): Illuminate\\Container\\Container->call(Array)
#22 C:\\Users\\amiru\\OneDrive\\Documents\\GitHub_Project\\mobile-project\\vendor\\symfony\\console\\Command\\Command.php(341): Illuminate\\Console\\Command->execute(Object(Symfony\\Component\\Console\\Input\\ArgvInput), Object(Illuminate\\Console\\OutputStyle))
#23 C:\\Users\\amiru\\OneDrive\\Documents\\GitHub_Project\\mobile-project\\vendor\\laravel\\framework\\src\\Illuminate\\Console\\Command.php(182): Symfony\\Component\\Console\\Command\\Command->run(Object(Symfony\\Component\\Console\\Input\\ArgvInput), Object(Illuminate\\Console\\OutputStyle))
#24 C:\\Users\\amiru\\OneDrive\\Documents\\GitHub_Project\\mobile-project\\vendor\\symfony\\console\\Application.php(1102): Illuminate\\Console\\Command->run(Object(Symfony\\Component\\Console\\Input\\ArgvInput), Object(Symfony\\Component\\Console\\Output\\ConsoleOutput))
#25 C:\\Users\\amiru\\OneDrive\\Documents\\GitHub_Project\\mobile-project\\vendor\\symfony\\console\\Application.php(356): Symfony\\Component\\Console\\Application->doRunCommand(Object(Illuminate\\Database\\Console\\Migrations\\FreshCommand), Object(Symfony\\Component\\Console\\Input\\ArgvInput), Object(Symfony\\Component\\Console\\Output\\ConsoleOutput))
#26 C:\\Users\\amiru\\OneDrive\\Documents\\GitHub_Project\\mobile-project\\vendor\\symfony\\console\\Application.php(195): Symfony\\Component\\Console\\Application->doRun(Object(Symfony\\Component\\Console\\Input\\ArgvInput), Object(Symfony\\Component\\Console\\Output\\ConsoleOutput))
#27 C:\\Users\\amiru\\OneDrive\\Documents\\GitHub_Project\\mobile-project\\vendor\\laravel\\framework\\src\\Illuminate\\Foundation\\Console\\Kernel.php(198): Symfony\\Component\\Console\\Application->run(Object(Symfony\\Component\\Console\\Input\\ArgvInput), Object(Symfony\\Component\\Console\\Output\\ConsoleOutput))
#28 C:\\Users\\amiru\\OneDrive\\Documents\\GitHub_Project\\mobile-project\\vendor\\laravel\\framework\\src\\Illuminate\\Foundation\\Application.php(1235): Illuminate\\Foundation\\Console\\Kernel->handle(Object(Symfony\\Component\\Console\\Input\\ArgvInput), Object(Symfony\\Component\\Console\\Output\\ConsoleOutput))
#29 C:\\Users\\amiru\\OneDrive\\Documents\\GitHub_Project\\mobile-project\\artisan(16): Illuminate\\Foundation\\Application->handleCommand(Object(Symfony\\Component\\Console\\Input\\ArgvInput))
#30 {main}

[previous exception] [object] (PDOException(code: 0): could not find driver at C:\\Users\\amiru\\OneDrive\\Documents\\GitHub_Project\\mobile-project\\vendor\\laravel\\framework\\src\\Illuminate\\Database\\Connectors\\Connector.php:67)
[stacktrace]
#0 C:\\Users\\amiru\\OneDrive\\Documents\\GitHub_Project\\mobile-project\\vendor\\laravel\\framework\\src\\Illuminate\\Database\\Connectors\\Connector.php(67): PDO::connect('sqlite:C:\\\\Users...', NULL, Object(SensitiveParameterValue), Array)
#1 C:\\Users\\amiru\\OneDrive\\Documents\\GitHub_Project\\mobile-project\\vendor\\laravel\\framework\\src\\Illuminate\\Database\\Connectors\\Connector.php(44): Illuminate\\Database\\Connectors\\Connector->createPdoConnection('sqlite:C:\\\\Users...', NULL, Object(SensitiveParameterValue), Array)
#2 C:\\Users\\amiru\\OneDrive\\Documents\\GitHub_Project\\mobile-project\\vendor\\laravel\\framework\\src\\Illuminate\\Database\\Connectors\\SQLiteConnector.php(40): Illuminate\\Database\\Connectors\\Connector->createConnection('sqlite:C:\\\\Users...', Array, Array)
#3 C:\\Users\\amiru\\OneDrive\\Documents\\GitHub_Project\\mobile-project\\vendor\\laravel\\framework\\src\\Illuminate\\Database\\Connectors\\ConnectionFactory.php(224): Illuminate\\Database\\Connectors\\SQLiteConnector->connect(Array)
#4 [internal function]: Illuminate\\Database\\Connectors\\ConnectionFactory->{closure:Illuminate\\Database\\Connectors\\ConnectionFactory::createPdoResolverWithoutHosts():224}()
#5 C:\\Users\\amiru\\OneDrive\\Documents\\GitHub_Project\\mobile-project\\vendor\\laravel\\framework\\src\\Illuminate\\Database\\Connection.php(1231): call_user_func(Object(Closure))
#6 C:\\Users\\amiru\\OneDrive\\Documents\\GitHub_Project\\mobile-project\\vendor\\laravel\\framework\\src\\Illuminate\\Database\\Connection.php(565): Illuminate\\Database\\Connection->getPdo()
#7 C:\\Users\\amiru\\OneDrive\\Documents\\GitHub_Project\\mobile-project\\vendor\\laravel\\framework\\src\\Illuminate\\Database\\Connection.php(812): Illuminate\\Database\\Connection->{closure:Illuminate\\Database\\Connection::statement():560}('PRAGMA foreign_...', Array)
#8 C:\\Users\\amiru\\OneDrive\\Documents\\GitHub_Project\\mobile-project\\vendor\\laravel\\framework\\src\\Illuminate\\Database\\Connection.php(779): Illuminate\\Database\\Connection->runQueryCallback('PRAGMA foreign_...', Array, Object(Closure))
#9 C:\\Users\\amiru\\OneDrive\\Documents\\GitHub_Project\\mobile-project\\vendor\\laravel\\framework\\src\\Illuminate\\Database\\Connection.php(560): Illuminate\\Database\\Connection->run('PRAGMA foreign_...', Array, Object(Closure))
#10 C:\\Users\\amiru\\OneDrive\\Documents\\GitHub_Project\\mobile-project\\vendor\\laravel\\framework\\src\\Illuminate\\Database\\Schema\\Builder.php(522): Illuminate\\Database\\Connection->statement('PRAGMA foreign_...')
#11 C:\\Users\\amiru\\OneDrive\\Documents\\GitHub_Project\\mobile-project\\vendor\\laravel\\framework\\src\\Illuminate\\Database\\SQLiteConnection.php(59): Illuminate\\Database\\Schema\\Builder->enableForeignKeyConstraints()
#12 C:\\Users\\amiru\\OneDrive\\Documents\\GitHub_Project\\mobile-project\\vendor\\laravel\\framework\\src\\Illuminate\\Database\\SQLiteConnection.php(28): Illuminate\\Database\\SQLiteConnection->configureForeignKeyConstraints()
#13 C:\\Users\\amiru\\OneDrive\\Documents\\GitHub_Project\\mobile-project\\vendor\\laravel\\framework\\src\\Illuminate\\Database\\Connectors\\ConnectionFactory.php(277): Illuminate\\Database\\SQLiteConnection->__construct(Object(Closure), 'C:\\\\Users\\\\amiru\\\\...', '', Array)
#14 C:\\Users\\amiru\\OneDrive\\Documents\\GitHub_Project\\mobile-project\\vendor\\laravel\\framework\\src\\Illuminate\\Database\\Connectors\\ConnectionFactory.php(76): Illuminate\\Database\\Connectors\\ConnectionFactory->createConnection('sqlite', Object(Closure), 'C:\\\\Users\\\\amiru\\\\...', '', Array)
#15 C:\\Users\\amiru\\OneDrive\\Documents\\GitHub_Project\\mobile-project\\vendor\\laravel\\framework\\src\\Illuminate\\Database\\Connectors\\ConnectionFactory.php(51): Illuminate\\Database\\Connectors\\ConnectionFactory->createSingleConnection(Array)
#16 C:\\Users\\amiru\\OneDrive\\Documents\\GitHub_Project\\mobile-project\\vendor\\laravel\\framework\\src\\Illuminate\\Database\\DatabaseManager.php(207): Illuminate\\Database\\Connectors\\ConnectionFactory->make(Array, 'sqlite')
#17 C:\\Users\\amiru\\OneDrive\\Documents\\GitHub_Project\\mobile-project\\vendor\\laravel\\framework\\src\\Illuminate\\Database\\DatabaseManager.php(103): Illuminate\\Database\\DatabaseManager->makeConnection('sqlite')
#18 C:\\Users\\amiru\\OneDrive\\Documents\\GitHub_Project\\mobile-project\\vendor\\laravel\\framework\\src\\Illuminate\\Database\\Migrations\\DatabaseMigrationRepository.php(226): Illuminate\\Database\\DatabaseManager->connection('sqlite')
#19 C:\\Users\\amiru\\OneDrive\\Documents\\GitHub_Project\\mobile-project\\vendor\\laravel\\framework\\src\\Illuminate\\Database\\Migrations\\DatabaseMigrationRepository.php(182): Illuminate\\Database\\Migrations\\DatabaseMigrationRepository->getConnection()
#20 C:\\Users\\amiru\\OneDrive\\Documents\\GitHub_Project\\mobile-project\\vendor\\laravel\\framework\\src\\Illuminate\\Database\\Migrations\\Migrator.php(742): Illuminate\\Database\\Migrations\\DatabaseMigrationRepository->repositoryExists()
#21 C:\\Users\\amiru\\OneDrive\\Documents\\GitHub_Project\\mobile-project\\vendor\\laravel\\framework\\src\\Illuminate\\Database\\Console\\Migrations\\FreshCommand.php(68): Illuminate\\Database\\Migrations\\Migrator->repositoryExists()
#22 C:\\Users\\amiru\\OneDrive\\Documents\\GitHub_Project\\mobile-project\\vendor\\laravel\\framework\\src\\Illuminate\\Database\\Migrations\\Migrator.php(658): Illuminate\\Database\\Console\\Migrations\\FreshCommand->{closure:Illuminate\\Database\\Console\\Migrations\\FreshCommand::handle():67}()
#23 C:\\Users\\amiru\\OneDrive\\Documents\\GitHub_Project\\mobile-project\\vendor\\laravel\\framework\\src\\Illuminate\\Database\\Console\\Migrations\\FreshCommand.php(67): Illuminate\\Database\\Migrations\\Migrator->usingConnection(NULL, Object(Closure))
#24 C:\\Users\\amiru\\OneDrive\\Documents\\GitHub_Project\\mobile-project\\vendor\\laravel\\framework\\src\\Illuminate\\Container\\BoundMethod.php(36): Illuminate\\Database\\Console\\Migrations\\FreshCommand->handle()
#25 C:\\Users\\amiru\\OneDrive\\Documents\\GitHub_Project\\mobile-project\\vendor\\laravel\\framework\\src\\Illuminate\\Container\\Util.php(43): Illuminate\\Container\\BoundMethod::{closure:Illuminate\\Container\\BoundMethod::call():35}()
#26 C:\\Users\\amiru\\OneDrive\\Documents\\GitHub_Project\\mobile-project\\vendor\\laravel\\framework\\src\\Illuminate\\Container\\BoundMethod.php(95): Illuminate\\Container\\Util::unwrapIfClosure(Object(Closure))
#27 C:\\Users\\amiru\\OneDrive\\Documents\\GitHub_Project\\mobile-project\\vendor\\laravel\\framework\\src\\Illuminate\\Container\\BoundMethod.php(35): Illuminate\\Container\\BoundMethod::callBoundMethod(Object(Illuminate\\Foundation\\Application), Array, Object(Closure))
#28 C:\\Users\\amiru\\OneDrive\\Documents\\GitHub_Project\\mobile-project\\vendor\\laravel\\framework\\src\\Illuminate\\Container\\Container.php(696): Illuminate\\Container\\BoundMethod::call(Object(Illuminate\\Foundation\\Application), Array, Array, NULL)
#29 C:\\Users\\amiru\\OneDrive\\Documents\\GitHub_Project\\mobile-project\\vendor\\laravel\\framework\\src\\Illuminate\\Console\\Command.php(213): Illuminate\\Container\\Container->call(Array)
#30 C:\\Users\\amiru\\OneDrive\\Documents\\GitHub_Project\\mobile-project\\vendor\\symfony\\console\\Command\\Command.php(341): Illuminate\\Console\\Command->execute(Object(Symfony\\Component\\Console\\Input\\ArgvInput), Object(Illuminate\\Console\\OutputStyle))
#31 C:\\Users\\amiru\\OneDrive\\Documents\\GitHub_Project\\mobile-project\\vendor\\laravel\\framework\\src\\Illuminate\\Console\\Command.php(182): Symfony\\Component\\Console\\Command\\Command->run(Object(Symfony\\Component\\Console\\Input\\ArgvInput), Object(Illuminate\\Console\\OutputStyle))
#32 C:\\Users\\amiru\\OneDrive\\Documents\\GitHub_Project\\mobile-project\\vendor\\symfony\\console\\Application.php(1102): Illuminate\\Console\\Command->run(Object(Symfony\\Component\\Console\\Input\\ArgvInput), Object(Symfony\\Component\\Console\\Output\\ConsoleOutput))
#33 C:\\Users\\amiru\\OneDrive\\Documents\\GitHub_Project\\mobile-project\\vendor\\symfony\\console\\Application.php(356): Symfony\\Component\\Console\\Application->doRunCommand(Object(Illuminate\\Database\\Console\\Migrations\\FreshCommand), Object(Symfony\\Component\\Console\\Input\\ArgvInput), Object(Symfony\\Component\\Console\\Output\\ConsoleOutput))
#34 C:\\Users\\amiru\\OneDrive\\Documents\\GitHub_Project\\mobile-project\\vendor\\symfony\\console\\Application.php(195): Symfony\\Component\\Console\\Application->doRun(Object(Symfony\\Component\\Console\\Input\\ArgvInput), Object(Symfony\\Component\\Console\\Output\\ConsoleOutput))
#35 C:\\Users\\amiru\\OneDrive\\Documents\\GitHub_Project\\mobile-project\\vendor\\laravel\\framework\\src\\Illuminate\\Foundation\\Console\\Kernel.php(198): Symfony\\Component\\Console\\Application->run(Object(Symfony\\Component\\Console\\Input\\ArgvInput), Object(Symfony\\Component\\Console\\Output\\ConsoleOutput))
#36 C:\\Users\\amiru\\OneDrive\\Documents\\GitHub_Project\\mobile-project\\vendor\\laravel\\framework\\src\\Illuminate\\Foundation\\Application.php(1235): Illuminate\\Foundation\\Console\\Kernel->handle(Object(Symfony\\Component\\Console\\Input\\ArgvInput), Object(Symfony\\Component\\Console\\Output\\ConsoleOutput))
#37 C:\\Users\\amiru\\OneDrive\\Documents\\GitHub_Project\\mobile-project\\artisan(16): Illuminate\\Foundation\\Application->handleCommand(Object(Symfony\\Component\\Console\\Input\\ArgvInput))
#38 {main}
"} 
[2026-01-27 13:38:51] local.ERROR: could not find driver (Connection: sqlite, SQL: PRAGMA foreign_keys = ON;) {"exception":"[object] (Illuminate\\Database\\QueryException(code: 0): could not find driver (Connection: sqlite, SQL: PRAGMA foreign_keys = ON;) at C:\\Users\\amiru\\OneDrive\\Documents\\GitHub_Project\\mobile-project\\vendor\\laravel\\framework\\src\\Illuminate\\Database\\Connection.php:825)
[stacktrace]
#0 C:\\Users\\amiru\\OneDrive\\Documents\\GitHub_Project\\mobile-project\\vendor\\laravel\\framework\\src\\Illuminate\\Database\\Connection.php(779): Illuminate\\Database\\Connection->runQueryCallback('PRAGMA foreign_...', Array, Object(Closure))
#1 C:\\Users\\amiru\\OneDrive\\Documents\\GitHub_Project\\mobile-project\\vendor\\laravel\\framework\\src\\Illuminate\\Database\\Connection.php(560): Illuminate\\Database\\Connection->run('PRAGMA foreign_...', Array, Object(Closure))
#2 C:\\Users\\amiru\\OneDrive\\Documents\\GitHub_Project\\mobile-project\\vendor\\laravel\\framework\\src\\Illuminate\\Database\\Schema\\Builder.php(522): Illuminate\\Database\\Connection->statement('PRAGMA foreign_...')
#3 C:\\Users\\amiru\\OneDrive\\Documents\\GitHub_Project\\mobile-project\\vendor\\laravel\\framework\\src\\Illuminate\\Database\\SQLiteConnection.php(59): Illuminate\\Database\\Schema\\Builder->enableForeignKeyConstraints()
#4 C:\\Users\\amiru\\OneDrive\\Documents\\GitHub_Project\\mobile-project\\vendor\\laravel\\framework\\src\\Illuminate\\Database\\SQLiteConnection.php(28): Illuminate\\Database\\SQLiteConnection->configureForeignKeyConstraints()
#5 C:\\Users\\amiru\\OneDrive\\Documents\\GitHub_Project\\mobile-project\\vendor\\laravel\\framework\\src\\Illuminate\\Database\\Connectors\\ConnectionFactory.php(277): Illuminate\\Database\\SQLiteConnection->__construct(Object(Closure), 'C:\\\\Users\\\\amiru\\\\...', '', Array)
#6 C:\\Users\\amiru\\OneDrive\\Documents\\GitHub_Project\\mobile-project\\vendor\\laravel\\framework\\src\\Illuminate\\Database\\Connectors\\ConnectionFactory.php(76): Illuminate\\Database\\Connectors\\ConnectionFactory->createConnection('sqlite', Object(Closure), 'C:\\\\Users\\\\amiru\\\\...', '', Array)
#7 C:\\Users\\amiru\\OneDrive\\Documents\\GitHub_Project\\mobile-project\\vendor\\laravel\\framework\\src\\Illuminate\\Database\\Connectors\\ConnectionFactory.php(51): Illuminate\\Database\\Connectors\\ConnectionFactory->createSingleConnection(Array)
#8 C:\\Users\\amiru\\OneDrive\\Documents\\GitHub_Project\\mobile-project\\vendor\\laravel\\framework\\src\\Illuminate\\Database\\DatabaseManager.php(207): Illuminate\\Database\\Connectors\\ConnectionFactory->make(Array, 'sqlite')
#9 C:\\Users\\amiru\\OneDrive\\Documents\\GitHub_Project\\mobile-project\\vendor\\laravel\\framework\\src\\Illuminate\\Database\\DatabaseManager.php(103): Illuminate\\Database\\DatabaseManager->makeConnection('sqlite')
#10 C:\\Users\\amiru\\OneDrive\\Documents\\GitHub_Project\\mobile-project\\vendor\\laravel\\framework\\src\\Illuminate\\Database\\Migrations\\DatabaseMigrationRepository.php(226): Illuminate\\Database\\DatabaseManager->connection('sqlite')
#11 C:\\Users\\amiru\\OneDrive\\Documents\\GitHub_Project\\mobile-project\\vendor\\laravel\\framework\\src\\Illuminate\\Database\\Migrations\\DatabaseMigrationRepository.php(182): Illuminate\\Database\\Migrations\\DatabaseMigrationRepository->getConnection()
#12 C:\\Users\\amiru\\OneDrive\\Documents\\GitHub_Project\\mobile-project\\vendor\\laravel\\framework\\src\\Illuminate\\Database\\Migrations\\Migrator.php(742): Illuminate\\Database\\Migrations\\DatabaseMigrationRepository->repositoryExists()
#13 C:\\Users\\amiru\\OneDrive\\Documents\\GitHub_Project\\mobile-project\\vendor\\laravel\\framework\\src\\Illuminate\\Database\\Console\\Migrations\\MigrateCommand.php(165): Illuminate\\Database\\Migrations\\Migrator->repositoryExists()
#14 C:\\Users\\amiru\\OneDrive\\Documents\\GitHub_Project\\mobile-project\\vendor\\laravel\\framework\\src\\Illuminate\\Support\\helpers.php(338): Illuminate\\Database\\Console\\Migrations\\MigrateCommand->{closure:Illuminate\\Database\\Console\\Migrations\\MigrateCommand::repositoryExists():165}(1)
#15 C:\\Users\\amiru\\OneDrive\\Documents\\GitHub_Project\\mobile-project\\vendor\\laravel\\framework\\src\\Illuminate\\Database\\Console\\Migrations\\MigrateCommand.php(165): retry(1, Object(Closure), 0, Object(Closure))
#16 C:\\Users\\amiru\\OneDrive\\Documents\\GitHub_Project\\mobile-project\\vendor\\laravel\\framework\\src\\Illuminate\\Database\\Console\\Migrations\\MigrateCommand.php(141): Illuminate\\Database\\Console\\Migrations\\MigrateCommand->repositoryExists()
#17 C:\\Users\\amiru\\OneDrive\\Documents\\GitHub_Project\\mobile-project\\vendor\\laravel\\framework\\src\\Illuminate\\Database\\Console\\Migrations\\MigrateCommand.php(111): Illuminate\\Database\\Console\\Migrations\\MigrateCommand->prepareDatabase()
#18 C:\\Users\\amiru\\OneDrive\\Documents\\GitHub_Project\\mobile-project\\vendor\\laravel\\framework\\src\\Illuminate\\Database\\Migrations\\Migrator.php(658): Illuminate\\Database\\Console\\Migrations\\MigrateCommand->{closure:Illuminate\\Database\\Console\\Migrations\\MigrateCommand::runMigrations():110}()
#19 C:\\Users\\amiru\\OneDrive\\Documents\\GitHub_Project\\mobile-project\\vendor\\laravel\\framework\\src\\Illuminate\\Database\\Console\\Migrations\\MigrateCommand.php(110): Illuminate\\Database\\Migrations\\Migrator->usingConnection(NULL, Object(Closure))
#20 C:\\Users\\amiru\\OneDrive\\Documents\\GitHub_Project\\mobile-project\\vendor\\laravel\\framework\\src\\Illuminate\\Database\\Console\\Migrations\\MigrateCommand.php(89): Illuminate\\Database\\Console\\Migrations\\MigrateCommand->runMigrations()
#21 C:\\Users\\amiru\\OneDrive\\Documents\\GitHub_Project\\mobile-project\\vendor\\laravel\\framework\\src\\Illuminate\\Container\\BoundMethod.php(36): Illuminate\\Database\\Console\\Migrations\\MigrateCommand->handle()
#22 C:\\Users\\amiru\\OneDrive\\Documents\\GitHub_Project\\mobile-project\\vendor\\laravel\\framework\\src\\Illuminate\\Container\\Util.php(43): Illuminate\\Container\\BoundMethod::{closure:Illuminate\\Container\\BoundMethod::call():35}()
#23 C:\\Users\\amiru\\OneDrive\\Documents\\GitHub_Project\\mobile-project\\vendor\\laravel\\framework\\src\\Illuminate\\Container\\BoundMethod.php(95): Illuminate\\Container\\Util::unwrapIfClosure(Object(Closure))
#24 C:\\Users\\amiru\\OneDrive\\Documents\\GitHub_Project\\mobile-project\\vendor\\laravel\\framework\\src\\Illuminate\\Container\\BoundMethod.php(35): Illuminate\\Container\\BoundMethod::callBoundMethod(Object(Illuminate\\Foundation\\Application), Array, Object(Closure))
#25 C:\\Users\\amiru\\OneDrive\\Documents\\GitHub_Project\\mobile-project\\vendor\\laravel\\framework\\src\\Illuminate\\Container\\Container.php(696): Illuminate\\Container\\BoundMethod::call(Object(Illuminate\\Foundation\\Application), Array, Array, NULL)
#26 C:\\Users\\amiru\\OneDrive\\Documents\\GitHub_Project\\mobile-project\\vendor\\laravel\\framework\\src\\Illuminate\\Console\\Command.php(213): Illuminate\\Container\\Container->call(Array)
#27 C:\\Users\\amiru\\OneDrive\\Documents\\GitHub_Project\\mobile-project\\vendor\\symfony\\console\\Command\\Command.php(341): Illuminate\\Console\\Command->execute(Object(Symfony\\Component\\Console\\Input\\ArgvInput), Object(Illuminate\\Console\\OutputStyle))
#28 C:\\Users\\amiru\\OneDrive\\Documents\\GitHub_Project\\mobile-project\\vendor\\laravel\\framework\\src\\Illuminate\\Console\\Command.php(182): Symfony\\Component\\Console\\Command\\Command->run(Object(Symfony\\Component\\Console\\Input\\ArgvInput), Object(Illuminate\\Console\\OutputStyle))
#29 C:\\Users\\amiru\\OneDrive\\Documents\\GitHub_Project\\mobile-project\\vendor\\symfony\\console\\Application.php(1102): Illuminate\\Console\\Command->run(Object(Symfony\\Component\\Console\\Input\\ArgvInput), Object(Symfony\\Component\\Console\\Output\\ConsoleOutput))
#30 C:\\Users\\amiru\\OneDrive\\Documents\\GitHub_Project\\mobile-project\\vendor\\symfony\\console\\Application.php(356): Symfony\\Component\\Console\\Application->doRunCommand(Object(Illuminate\\Database\\Console\\Migrations\\MigrateCommand), Object(Symfony\\Component\\Console\\Input\\ArgvInput), Object(Symfony\\Component\\Console\\Output\\ConsoleOutput))
#31 C:\\Users\\amiru\\OneDrive\\Documents\\GitHub_Project\\mobile-project\\vendor\\symfony\\console\\Application.php(195): Symfony\\Component\\Console\\Application->doRun(Object(Symfony\\Component\\Console\\Input\\ArgvInput), Object(Symfony\\Component\\Console\\Output\\ConsoleOutput))
#32 C:\\Users\\amiru\\OneDrive\\Documents\\GitHub_Project\\mobile-project\\vendor\\laravel\\framework\\src\\Illuminate\\Foundation\\Console\\Kernel.php(198): Symfony\\Component\\Console\\Application->run(Object(Symfony\\Component\\Console\\Input\\ArgvInput), Object(Symfony\\Component\\Console\\Output\\ConsoleOutput))
#33 C:\\Users\\amiru\\OneDrive\\Documents\\GitHub_Project\\mobile-project\\vendor\\laravel\\framework\\src\\Illuminate\\Foundation\\Application.php(1235): Illuminate\\Foundation\\Console\\Kernel->handle(Object(Symfony\\Component\\Console\\Input\\ArgvInput), Object(Symfony\\Component\\Console\\Output\\ConsoleOutput))
#34 C:\\Users\\amiru\\OneDrive\\Documents\\GitHub_Project\\mobile-project\\artisan(16): Illuminate\\Foundation\\Application->handleCommand(Object(Symfony\\Component\\Console\\Input\\ArgvInput))
#35 {main}

[previous exception] [object] (PDOException(code: 0): could not find driver at C:\\Users\\amiru\\OneDrive\\Documents\\GitHub_Project\\mobile-project\\vendor\\laravel\\framework\\src\\Illuminate\\Database\\Connectors\\Connector.php:67)
[stacktrace]
#0 C:\\Users\\amiru\\OneDrive\\Documents\\GitHub_Project\\mobile-project\\vendor\\laravel\\framework\\src\\Illuminate\\Database\\Connectors\\Connector.php(67): PDO::connect('sqlite:C:\\\\Users...', NULL, Object(SensitiveParameterValue), Array)
#1 C:\\Users\\amiru\\OneDrive\\Documents\\GitHub_Project\\mobile-project\\vendor\\laravel\\framework\\src\\Illuminate\\Database\\Connectors\\Connector.php(44): Illuminate\\Database\\Connectors\\Connector->createPdoConnection('sqlite:C:\\\\Users...', NULL, Object(SensitiveParameterValue), Array)
#2 C:\\Users\\amiru\\OneDrive\\Documents\\GitHub_Project\\mobile-project\\vendor\\laravel\\framework\\src\\Illuminate\\Database\\Connectors\\SQLiteConnector.php(40): Illuminate\\Database\\Connectors\\Connector->createConnection('sqlite:C:\\\\Users...', Array, Array)
#3 C:\\Users\\amiru\\OneDrive\\Documents\\GitHub_Project\\mobile-project\\vendor\\laravel\\framework\\src\\Illuminate\\Database\\Connectors\\ConnectionFactory.php(224): Illuminate\\Database\\Connectors\\SQLiteConnector->connect(Array)
#4 [internal function]: Illuminate\\Database\\Connectors\\ConnectionFactory->{closure:Illuminate\\Database\\Connectors\\ConnectionFactory::createPdoResolverWithoutHosts():224}()
#5 C:\\Users\\amiru\\OneDrive\\Documents\\GitHub_Project\\mobile-project\\vendor\\laravel\\framework\\src\\Illuminate\\Database\\Connection.php(1231): call_user_func(Object(Closure))
#6 C:\\Users\\amiru\\OneDrive\\Documents\\GitHub_Project\\mobile-project\\vendor\\laravel\\framework\\src\\Illuminate\\Database\\Connection.php(565): Illuminate\\Database\\Connection->getPdo()
#7 C:\\Users\\amiru\\OneDrive\\Documents\\GitHub_Project\\mobile-project\\vendor\\laravel\\framework\\src\\Illuminate\\Database\\Connection.php(812): Illuminate\\Database\\Connection->{closure:Illuminate\\Database\\Connection::statement():560}('PRAGMA foreign_...', Array)
#8 C:\\Users\\amiru\\OneDrive\\Documents\\GitHub_Project\\mobile-project\\vendor\\laravel\\framework\\src\\Illuminate\\Database\\Connection.php(779): Illuminate\\Database\\Connection->runQueryCallback('PRAGMA foreign_...', Array, Object(Closure))
#9 C:\\Users\\amiru\\OneDrive\\Documents\\GitHub_Project\\mobile-project\\vendor\\laravel\\framework\\src\\Illuminate\\Database\\Connection.php(560): Illuminate\\Database\\Connection->run('PRAGMA foreign_...', Array, Object(Closure))
#10 C:\\Users\\amiru\\OneDrive\\Documents\\GitHub_Project\\mobile-project\\vendor\\laravel\\framework\\src\\Illuminate\\Database\\Schema\\Builder.php(522): Illuminate\\Database\\Connection->statement('PRAGMA foreign_...')
#11 C:\\Users\\amiru\\OneDrive\\Documents\\GitHub_Project\\mobile-project\\vendor\\laravel\\framework\\src\\Illuminate\\Database\\SQLiteConnection.php(59): Illuminate\\Database\\Schema\\Builder->enableForeignKeyConstraints()
#12 C:\\Users\\amiru\\OneDrive\\Documents\\GitHub_Project\\mobile-project\\vendor\\laravel\\framework\\src\\Illuminate\\Database\\SQLiteConnection.php(28): Illuminate\\Database\\SQLiteConnection->configureForeignKeyConstraints()
#13 C:\\Users\\amiru\\OneDrive\\Documents\\GitHub_Project\\mobile-project\\vendor\\laravel\\framework\\src\\Illuminate\\Database\\Connectors\\ConnectionFactory.php(277): Illuminate\\Database\\SQLiteConnection->__construct(Object(Closure), 'C:\\\\Users\\\\amiru\\\\...', '', Array)
#14 C:\\Users\\amiru\\OneDrive\\Documents\\GitHub_Project\\mobile-project\\vendor\\laravel\\framework\\src\\Illuminate\\Database\\Connectors\\ConnectionFactory.php(76): Illuminate\\Database\\Connectors\\ConnectionFactory->createConnection('sqlite', Object(Closure), 'C:\\\\Users\\\\amiru\\\\...', '', Array)
#15 C:\\Users\\amiru\\OneDrive\\Documents\\GitHub_Project\\mobile-project\\vendor\\laravel\\framework\\src\\Illuminate\\Database\\Connectors\\ConnectionFactory.php(51): Illuminate\\Database\\Connectors\\ConnectionFactory->createSingleConnection(Array)
#16 C:\\Users\\amiru\\OneDrive\\Documents\\GitHub_Project\\mobile-project\\vendor\\laravel\\framework\\src\\Illuminate\\Database\\DatabaseManager.php(207): Illuminate\\Database\\Connectors\\ConnectionFactory->make(Array, 'sqlite')
#17 C:\\Users\\amiru\\OneDrive\\Documents\\GitHub_Project\\mobile-project\\vendor\\laravel\\framework\\src\\Illuminate\\Database\\DatabaseManager.php(103): Illuminate\\Database\\DatabaseManager->makeConnection('sqlite')
#18 C:\\Users\\amiru\\OneDrive\\Documents\\GitHub_Project\\mobile-project\\vendor\\laravel\\framework\\src\\Illuminate\\Database\\Migrations\\DatabaseMigrationRepository.php(226): Illuminate\\Database\\DatabaseManager->connection('sqlite')
#19 C:\\Users\\amiru\\OneDrive\\Documents\\GitHub_Project\\mobile-project\\vendor\\laravel\\framework\\src\\Illuminate\\Database\\Migrations\\DatabaseMigrationRepository.php(182): Illuminate\\Database\\Migrations\\DatabaseMigrationRepository->getConnection()
#20 C:\\Users\\amiru\\OneDrive\\Documents\\GitHub_Project\\mobile-project\\vendor\\laravel\\framework\\src\\Illuminate\\Database\\Migrations\\Migrator.php(742): Illuminate\\Database\\Migrations\\DatabaseMigrationRepository->repositoryExists()
#21 C:\\Users\\amiru\\OneDrive\\Documents\\GitHub_Project\\mobile-project\\vendor\\laravel\\framework\\src\\Illuminate\\Database\\Console\\Migrations\\MigrateCommand.php(165): Illuminate\\Database\\Migrations\\Migrator->repositoryExists()
#22 C:\\Users\\amiru\\OneDrive\\Documents\\GitHub_Project\\mobile-project\\vendor\\laravel\\framework\\src\\Illuminate\\Support\\helpers.php(338): Illuminate\\Database\\Console\\Migrations\\MigrateCommand->{closure:Illuminate\\Database\\Console\\Migrations\\MigrateCommand::repositoryExists():165}(1)
#23 C:\\Users\\amiru\\OneDrive\\Documents\\GitHub_Project\\mobile-project\\vendor\\laravel\\framework\\src\\Illuminate\\Database\\Console\\Migrations\\MigrateCommand.php(165): retry(1, Object(Closure), 0, Object(Closure))
#24 C:\\Users\\amiru\\OneDrive\\Documents\\GitHub_Project\\mobile-project\\vendor\\laravel\\framework\\src\\Illuminate\\Database\\Console\\Migrations\\MigrateCommand.php(141): Illuminate\\Database\\Console\\Migrations\\MigrateCommand->repositoryExists()
#25 C:\\Users\\amiru\\OneDrive\\Documents\\GitHub_Project\\mobile-project\\vendor\\laravel\\framework\\src\\Illuminate\\Database\\Console\\Migrations\\MigrateCommand.php(111): Illuminate\\Database\\Console\\Migrations\\MigrateCommand->prepareDatabase()
#26 C:\\Users\\amiru\\OneDrive\\Documents\\GitHub_Project\\mobile-project\\vendor\\laravel\\framework\\src\\Illuminate\\Database\\Migrations\\Migrator.php(658): Illuminate\\Database\\Console\\Migrations\\MigrateCommand->{closure:Illuminate\\Database\\Console\\Migrations\\MigrateCommand::runMigrations():110}()
#27 C:\\Users\\amiru\\OneDrive\\Documents\\GitHub_Project\\mobile-project\\vendor\\laravel\\framework\\src\\Illuminate\\Database\\Console\\Migrations\\MigrateCommand.php(110): Illuminate\\Database\\Migrations\\Migrator->usingConnection(NULL, Object(Closure))
#28 C:\\Users\\amiru\\OneDrive\\Documents\\GitHub_Project\\mobile-project\\vendor\\laravel\\framework\\src\\Illuminate\\Database\\Console\\Migrations\\MigrateCommand.php(89): Illuminate\\Database\\Console\\Migrations\\MigrateCommand->runMigrations()
#29 C:\\Users\\amiru\\OneDrive\\Documents\\GitHub_Project\\mobile-project\\vendor\\laravel\\framework\\src\\Illuminate\\Container\\BoundMethod.php(36): Illuminate\\Database\\Console\\Migrations\\MigrateCommand->handle()
#30 C:\\Users\\amiru\\OneDrive\\Documents\\GitHub_Project\\mobile-project\\vendor\\laravel\\framework\\src\\Illuminate\\Container\\Util.php(43): Illuminate\\Container\\BoundMethod::{closure:Illuminate\\Container\\BoundMethod::call():35}()
#31 C:\\Users\\amiru\\OneDrive\\Documents\\GitHub_Project\\mobile-project\\vendor\\laravel\\framework\\src\\Illuminate\\Container\\BoundMethod.php(95): Illuminate\\Container\\Util::unwrapIfClosure(Object(Closure))
#32 C:\\Users\\amiru\\OneDrive\\Documents\\GitHub_Project\\mobile-project\\vendor\\laravel\\framework\\src\\Illuminate\\Container\\BoundMethod.php(35): Illuminate\\Container\\BoundMethod::callBoundMethod(Object(Illuminate\\Foundation\\Application), Array, Object(Closure))
#33 C:\\Users\\amiru\\OneDrive\\Documents\\GitHub_Project\\mobile-project\\vendor\\laravel\\framework\\src\\Illuminate\\Container\\Container.php(696): Illuminate\\Container\\BoundMethod::call(Object(Illuminate\\Foundation\\Application), Array, Array, NULL)
#34 C:\\Users\\amiru\\OneDrive\\Documents\\GitHub_Project\\mobile-project\\vendor\\laravel\\framework\\src\\Illuminate\\Console\\Command.php(213): Illuminate\\Container\\Container->call(Array)
#35 C:\\Users\\amiru\\OneDrive\\Documents\\GitHub_Project\\mobile-project\\vendor\\symfony\\console\\Command\\Command.php(341): Illuminate\\Console\\Command->execute(Object(Symfony\\Component\\Console\\Input\\ArgvInput), Object(Illuminate\\Console\\OutputStyle))
#36 C:\\Users\\amiru\\OneDrive\\Documents\\GitHub_Project\\mobile-project\\vendor\\laravel\\framework\\src\\Illuminate\\Console\\Command.php(182): Symfony\\Component\\Console\\Command\\Command->run(Object(Symfony\\Component\\Console\\Input\\ArgvInput), Object(Illuminate\\Console\\OutputStyle))
#37 C:\\Users\\amiru\\OneDrive\\Documents\\GitHub_Project\\mobile-project\\vendor\\symfony\\console\\Application.php(1102): Illuminate\\Console\\Command->run(Object(Symfony\\Component\\Console\\Input\\ArgvInput), Object(Symfony\\Component\\Console\\Output\\ConsoleOutput))
#38 C:\\Users\\amiru\\OneDrive\\Documents\\GitHub_Project\\mobile-project\\vendor\\symfony\\console\\Application.php(356): Symfony\\Component\\Console\\Application->doRunCommand(Object(Illuminate\\Database\\Console\\Migrations\\MigrateCommand), Object(Symfony\\Component\\Console\\Input\\ArgvInput), Object(Symfony\\Component\\Console\\Output\\ConsoleOutput))
#39 C:\\Users\\amiru\\OneDrive\\Documents\\GitHub_Project\\mobile-project\\vendor\\symfony\\console\\Application.php(195): Symfony\\Component\\Console\\Application->doRun(Object(Symfony\\Component\\Console\\Input\\ArgvInput), Object(Symfony\\Component\\Console\\Output\\ConsoleOutput))
#40 C:\\Users\\amiru\\OneDrive\\Documents\\GitHub_Project\\mobile-project\\vendor\\laravel\\framework\\src\\Illuminate\\Foundation\\Console\\Kernel.php(198): Symfony\\Component\\Console\\Application->run(Object(Symfony\\Component\\Console\\Input\\ArgvInput), Object(Symfony\\Component\\Console\\Output\\ConsoleOutput))
#41 C:\\Users\\amiru\\OneDrive\\Documents\\GitHub_Project\\mobile-project\\vendor\\laravel\\framework\\src\\Illuminate\\Foundation\\Application.php(1235): Illuminate\\Foundation\\Console\\Kernel->handle(Object(Symfony\\Component\\Console\\Input\\ArgvInput), Object(Symfony\\Component\\Console\\Output\\ConsoleOutput))
#42 C:\\Users\\amiru\\OneDrive\\Documents\\GitHub_Project\\mobile-project\\artisan(16): Illuminate\\Foundation\\Application->handleCommand(Object(Symfony\\Component\\Console\\Input\\ArgvInput))
#43 {main}
"} 
[2026-01-27 13:39:21] local.ERROR: could not find driver (Connection: sqlite, SQL: PRAGMA foreign_keys = ON;) {"exception":"[object] (Illuminate\\Database\\QueryException(code: 0): could not find driver (Connection: sqlite, SQL: PRAGMA foreign_keys = ON;) at C:\\Users\\amiru\\OneDrive\\Documents\\GitHub_Project\\mobile-project\\vendor\\laravel\\framework\\src\\Illuminate\\Database\\Connection.php:825)
[stacktrace]
#0 C:\\Users\\amiru\\OneDrive\\Documents\\GitHub_Project\\mobile-project\\vendor\\laravel\\framework\\src\\Illuminate\\Database\\Connection.php(779): Illuminate\\Database\\Connection->runQueryCallback('PRAGMA foreign_...', Array, Object(Closure))
#1 C:\\Users\\amiru\\OneDrive\\Documents\\GitHub_Project\\mobile-project\\vendor\\laravel\\framework\\src\\Illuminate\\Database\\Connection.php(560): Illuminate\\Database\\Connection->run('PRAGMA foreign_...', Array, Object(Closure))
#2 C:\\Users\\amiru\\OneDrive\\Documents\\GitHub_Project\\mobile-project\\vendor\\laravel\\framework\\src\\Illuminate\\Database\\Schema\\Builder.php(522): Illuminate\\Database\\Connection->statement('PRAGMA foreign_...')
#3 C:\\Users\\amiru\\OneDrive\\Documents\\GitHub_Project\\mobile-project\\vendor\\laravel\\framework\\src\\Illuminate\\Database\\SQLiteConnection.php(59): Illuminate\\Database\\Schema\\Builder->enableForeignKeyConstraints()
#4 C:\\Users\\amiru\\OneDrive\\Documents\\GitHub_Project\\mobile-project\\vendor\\laravel\\framework\\src\\Illuminate\\Database\\SQLiteConnection.php(28): Illuminate\\Database\\SQLiteConnection->configureForeignKeyConstraints()
#5 C:\\Users\\amiru\\OneDrive\\Documents\\GitHub_Project\\mobile-project\\vendor\\laravel\\framework\\src\\Illuminate\\Database\\Connectors\\ConnectionFactory.php(277): Illuminate\\Database\\SQLiteConnection->__construct(Object(Closure), 'C:\\\\Users\\\\amiru\\\\...', '', Array)
#6 C:\\Users\\amiru\\OneDrive\\Documents\\GitHub_Project\\mobile-project\\vendor\\laravel\\framework\\src\\Illuminate\\Database\\Connectors\\ConnectionFactory.php(76): Illuminate\\Database\\Connectors\\ConnectionFactory->createConnection('sqlite', Object(Closure), 'C:\\\\Users\\\\amiru\\\\...', '', Array)
#7 C:\\Users\\amiru\\OneDrive\\Documents\\GitHub_Project\\mobile-project\\vendor\\laravel\\framework\\src\\Illuminate\\Database\\Connectors\\ConnectionFactory.php(51): Illuminate\\Database\\Connectors\\ConnectionFactory->createSingleConnection(Array)
#8 C:\\Users\\amiru\\OneDrive\\Documents\\GitHub_Project\\mobile-project\\vendor\\laravel\\framework\\src\\Illuminate\\Database\\DatabaseManager.php(207): Illuminate\\Database\\Connectors\\ConnectionFactory->make(Array, 'sqlite')
#9 C:\\Users\\amiru\\OneDrive\\Documents\\GitHub_Project\\mobile-project\\vendor\\laravel\\framework\\src\\Illuminate\\Database\\DatabaseManager.php(103): Illuminate\\Database\\DatabaseManager->makeConnection('sqlite')
#10 C:\\Users\\amiru\\OneDrive\\Documents\\GitHub_Project\\mobile-project\\vendor\\laravel\\framework\\src\\Illuminate\\Database\\Migrations\\DatabaseMigrationRepository.php(226): Illuminate\\Database\\DatabaseManager->connection('sqlite')
#11 C:\\Users\\amiru\\OneDrive\\Documents\\GitHub_Project\\mobile-project\\vendor\\laravel\\framework\\src\\Illuminate\\Database\\Migrations\\DatabaseMigrationRepository.php(182): Illuminate\\Database\\Migrations\\DatabaseMigrationRepository->getConnection()
#12 C:\\Users\\amiru\\OneDrive\\Documents\\GitHub_Project\\mobile-project\\vendor\\laravel\\framework\\src\\Illuminate\\Database\\Migrations\\Migrator.php(742): Illuminate\\Database\\Migrations\\DatabaseMigrationRepository->repositoryExists()
#13 C:\\Users\\amiru\\OneDrive\\Documents\\GitHub_Project\\mobile-project\\vendor\\laravel\\framework\\src\\Illuminate\\Database\\Console\\Migrations\\MigrateCommand.php(165): Illuminate\\Database\\Migrations\\Migrator->repositoryExists()
#14 C:\\Users\\amiru\\OneDrive\\Documents\\GitHub_Project\\mobile-project\\vendor\\laravel\\framework\\src\\Illuminate\\Support\\helpers.php(338): Illuminate\\Database\\Console\\Migrations\\MigrateCommand->{closure:Illuminate\\Database\\Console\\Migrations\\MigrateCommand::repositoryExists():165}(1)
#15 C:\\Users\\amiru\\OneDrive\\Documents\\GitHub_Project\\mobile-project\\vendor\\laravel\\framework\\src\\Illuminate\\Database\\Console\\Migrations\\MigrateCommand.php(165): retry(1, Object(Closure), 0, Object(Closure))
#16 C:\\Users\\amiru\\OneDrive\\Documents\\GitHub_Project\\mobile-project\\vendor\\laravel\\framework\\src\\Illuminate\\Database\\Console\\Migrations\\MigrateCommand.php(141): Illuminate\\Database\\Console\\Migrations\\MigrateCommand->repositoryExists()
#17 C:\\Users\\amiru\\OneDrive\\Documents\\GitHub_Project\\mobile-project\\vendor\\laravel\\framework\\src\\Illuminate\\Database\\Console\\Migrations\\MigrateCommand.php(111): Illuminate\\Database\\Console\\Migrations\\MigrateCommand->prepareDatabase()
#18 C:\\Users\\amiru\\OneDrive\\Documents\\GitHub_Project\\mobile-project\\vendor\\laravel\\framework\\src\\Illuminate\\Database\\Migrations\\Migrator.php(658): Illuminate\\Database\\Console\\Migrations\\MigrateCommand->{closure:Illuminate\\Database\\Console\\Migrations\\MigrateCommand::runMigrations():110}()
#19 C:\\Users\\amiru\\OneDrive\\Documents\\GitHub_Project\\mobile-project\\vendor\\laravel\\framework\\src\\Illuminate\\Database\\Console\\Migrations\\MigrateCommand.php(110): Illuminate\\Database\\Migrations\\Migrator->usingConnection(NULL, Object(Closure))
#20 C:\\Users\\amiru\\OneDrive\\Documents\\GitHub_Project\\mobile-project\\vendor\\laravel\\framework\\src\\Illuminate\\Database\\Console\\Migrations\\MigrateCommand.php(89): Illuminate\\Database\\Console\\Migrations\\MigrateCommand->runMigrations()
#21 C:\\Users\\amiru\\OneDrive\\Documents\\GitHub_Project\\mobile-project\\vendor\\laravel\\framework\\src\\Illuminate\\Container\\BoundMethod.php(36): Illuminate\\Database\\Console\\Migrations\\MigrateCommand->handle()
#22 C:\\Users\\amiru\\OneDrive\\Documents\\GitHub_Project\\mobile-project\\vendor\\laravel\\framework\\src\\Illuminate\\Container\\Util.php(43): Illuminate\\Container\\BoundMethod::{closure:Illuminate\\Container\\BoundMethod::call():35}()
#23 C:\\Users\\amiru\\OneDrive\\Documents\\GitHub_Project\\mobile-project\\vendor\\laravel\\framework\\src\\Illuminate\\Container\\BoundMethod.php(95): Illuminate\\Container\\Util::unwrapIfClosure(Object(Closure))
#24 C:\\Users\\amiru\\OneDrive\\Documents\\GitHub_Project\\mobile-project\\vendor\\laravel\\framework\\src\\Illuminate\\Container\\BoundMethod.php(35): Illuminate\\Container\\BoundMethod::callBoundMethod(Object(Illuminate\\Foundation\\Application), Array, Object(Closure))
#25 C:\\Users\\amiru\\OneDrive\\Documents\\GitHub_Project\\mobile-project\\vendor\\laravel\\framework\\src\\Illuminate\\Container\\Container.php(696): Illuminate\\Container\\BoundMethod::call(Object(Illuminate\\Foundation\\Application), Array, Array, NULL)
#26 C:\\Users\\amiru\\OneDrive\\Documents\\GitHub_Project\\mobile-project\\vendor\\laravel\\framework\\src\\Illuminate\\Console\\Command.php(213): Illuminate\\Container\\Container->call(Array)
#27 C:\\Users\\amiru\\OneDrive\\Documents\\GitHub_Project\\mobile-project\\vendor\\symfony\\console\\Command\\Command.php(341): Illuminate\\Console\\Command->execute(Object(Symfony\\Component\\Console\\Input\\ArgvInput), Object(Illuminate\\Console\\OutputStyle))
#28 C:\\Users\\amiru\\OneDrive\\Documents\\GitHub_Project\\mobile-project\\vendor\\laravel\\framework\\src\\Illuminate\\Console\\Command.php(182): Symfony\\Component\\Console\\Command\\Command->run(Object(Symfony\\Component\\Console\\Input\\ArgvInput), Object(Illuminate\\Console\\OutputStyle))
#29 C:\\Users\\amiru\\OneDrive\\Documents\\GitHub_Project\\mobile-project\\vendor\\symfony\\console\\Application.php(1102): Illuminate\\Console\\Command->run(Object(Symfony\\Component\\Console\\Input\\ArgvInput), Object(Symfony\\Component\\Console\\Output\\ConsoleOutput))
#30 C:\\Users\\amiru\\OneDrive\\Documents\\GitHub_Project\\mobile-project\\vendor\\symfony\\console\\Application.php(356): Symfony\\Component\\Console\\Application->doRunCommand(Object(Illuminate\\Database\\Console\\Migrations\\MigrateCommand), Object(Symfony\\Component\\Console\\Input\\ArgvInput), Object(Symfony\\Component\\Console\\Output\\ConsoleOutput))
#31 C:\\Users\\amiru\\OneDrive\\Documents\\GitHub_Project\\mobile-project\\vendor\\symfony\\console\\Application.php(195): Symfony\\Component\\Console\\Application->doRun(Object(Symfony\\Component\\Console\\Input\\ArgvInput), Object(Symfony\\Component\\Console\\Output\\ConsoleOutput))
#32 C:\\Users\\amiru\\OneDrive\\Documents\\GitHub_Project\\mobile-project\\vendor\\laravel\\framework\\src\\Illuminate\\Foundation\\Console\\Kernel.php(198): Symfony\\Component\\Console\\Application->run(Object(Symfony\\Component\\Console\\Input\\ArgvInput), Object(Symfony\\Component\\Console\\Output\\ConsoleOutput))
#33 C:\\Users\\amiru\\OneDrive\\Documents\\GitHub_Project\\mobile-project\\vendor\\laravel\\framework\\src\\Illuminate\\Foundation\\Application.php(1235): Illuminate\\Foundation\\Console\\Kernel->handle(Object(Symfony\\Component\\Console\\Input\\ArgvInput), Object(Symfony\\Component\\Console\\Output\\ConsoleOutput))
#34 C:\\Users\\amiru\\OneDrive\\Documents\\GitHub_Project\\mobile-project\\artisan(16): Illuminate\\Foundation\\Application->handleCommand(Object(Symfony\\Component\\Console\\Input\\ArgvInput))
#35 {main}

[previous exception] [object] (PDOException(code: 0): could not find driver at C:\\Users\\amiru\\OneDrive\\Documents\\GitHub_Project\\mobile-project\\vendor\\laravel\\framework\\src\\Illuminate\\Database\\Connectors\\Connector.php:67)
[stacktrace]
#0 C:\\Users\\amiru\\OneDrive\\Documents\\GitHub_Project\\mobile-project\\vendor\\laravel\\framework\\src\\Illuminate\\Database\\Connectors\\Connector.php(67): PDO::connect('sqlite:C:\\\\Users...', NULL, Object(SensitiveParameterValue), Array)
#1 C:\\Users\\amiru\\OneDrive\\Documents\\GitHub_Project\\mobile-project\\vendor\\laravel\\framework\\src\\Illuminate\\Database\\Connectors\\Connector.php(44): Illuminate\\Database\\Connectors\\Connector->createPdoConnection('sqlite:C:\\\\Users...', NULL, Object(SensitiveParameterValue), Array)
#2 C:\\Users\\amiru\\OneDrive\\Documents\\GitHub_Project\\mobile-project\\vendor\\laravel\\framework\\src\\Illuminate\\Database\\Connectors\\SQLiteConnector.php(40): Illuminate\\Database\\Connectors\\Connector->createConnection('sqlite:C:\\\\Users...', Array, Array)
#3 C:\\Users\\amiru\\OneDrive\\Documents\\GitHub_Project\\mobile-project\\vendor\\laravel\\framework\\src\\Illuminate\\Database\\Connectors\\ConnectionFactory.php(224): Illuminate\\Database\\Connectors\\SQLiteConnector->connect(Array)
#4 [internal function]: Illuminate\\Database\\Connectors\\ConnectionFactory->{closure:Illuminate\\Database\\Connectors\\ConnectionFactory::createPdoResolverWithoutHosts():224}()
#5 C:\\Users\\amiru\\OneDrive\\Documents\\GitHub_Project\\mobile-project\\vendor\\laravel\\framework\\src\\Illuminate\\Database\\Connection.php(1231): call_user_func(Object(Closure))
#6 C:\\Users\\amiru\\OneDrive\\Documents\\GitHub_Project\\mobile-project\\vendor\\laravel\\framework\\src\\Illuminate\\Database\\Connection.php(565): Illuminate\\Database\\Connection->getPdo()
#7 C:\\Users\\amiru\\OneDrive\\Documents\\GitHub_Project\\mobile-project\\vendor\\laravel\\framework\\src\\Illuminate\\Database\\Connection.php(812): Illuminate\\Database\\Connection->{closure:Illuminate\\Database\\Connection::statement():560}('PRAGMA foreign_...', Array)
#8 C:\\Users\\amiru\\OneDrive\\Documents\\GitHub_Project\\mobile-project\\vendor\\laravel\\framework\\src\\Illuminate\\Database\\Connection.php(779): Illuminate\\Database\\Connection->runQueryCallback('PRAGMA foreign_...', Array, Object(Closure))
#9 C:\\Users\\amiru\\OneDrive\\Documents\\GitHub_Project\\mobile-project\\vendor\\laravel\\framework\\src\\Illuminate\\Database\\Connection.php(560): Illuminate\\Database\\Connection->run('PRAGMA foreign_...', Array, Object(Closure))
#10 C:\\Users\\amiru\\OneDrive\\Documents\\GitHub_Project\\mobile-project\\vendor\\laravel\\framework\\src\\Illuminate\\Database\\Schema\\Builder.php(522): Illuminate\\Database\\Connection->statement('PRAGMA foreign_...')
#11 C:\\Users\\amiru\\OneDrive\\Documents\\GitHub_Project\\mobile-project\\vendor\\laravel\\framework\\src\\Illuminate\\Database\\SQLiteConnection.php(59): Illuminate\\Database\\Schema\\Builder->enableForeignKeyConstraints()
#12 C:\\Users\\amiru\\OneDrive\\Documents\\GitHub_Project\\mobile-project\\vendor\\laravel\\framework\\src\\Illuminate\\Database\\SQLiteConnection.php(28): Illuminate\\Database\\SQLiteConnection->configureForeignKeyConstraints()
#13 C:\\Users\\amiru\\OneDrive\\Documents\\GitHub_Project\\mobile-project\\vendor\\laravel\\framework\\src\\Illuminate\\Database\\Connectors\\ConnectionFactory.php(277): Illuminate\\Database\\SQLiteConnection->__construct(Object(Closure), 'C:\\\\Users\\\\amiru\\\\...', '', Array)
#14 C:\\Users\\amiru\\OneDrive\\Documents\\GitHub_Project\\mobile-project\\vendor\\laravel\\framework\\src\\Illuminate\\Database\\Connectors\\ConnectionFactory.php(76): Illuminate\\Database\\Connectors\\ConnectionFactory->createConnection('sqlite', Object(Closure), 'C:\\\\Users\\\\amiru\\\\...', '', Array)
#15 C:\\Users\\amiru\\OneDrive\\Documents\\GitHub_Project\\mobile-project\\vendor\\laravel\\framework\\src\\Illuminate\\Database\\Connectors\\ConnectionFactory.php(51): Illuminate\\Database\\Connectors\\ConnectionFactory->createSingleConnection(Array)
#16 C:\\Users\\amiru\\OneDrive\\Documents\\GitHub_Project\\mobile-project\\vendor\\laravel\\framework\\src\\Illuminate\\Database\\DatabaseManager.php(207): Illuminate\\Database\\Connectors\\ConnectionFactory->make(Array, 'sqlite')
#17 C:\\Users\\amiru\\OneDrive\\Documents\\GitHub_Project\\mobile-project\\vendor\\laravel\\framework\\src\\Illuminate\\Database\\DatabaseManager.php(103): Illuminate\\Database\\DatabaseManager->makeConnection('sqlite')
#18 C:\\Users\\amiru\\OneDrive\\Documents\\GitHub_Project\\mobile-project\\vendor\\laravel\\framework\\src\\Illuminate\\Database\\Migrations\\DatabaseMigrationRepository.php(226): Illuminate\\Database\\DatabaseManager->connection('sqlite')
#19 C:\\Users\\amiru\\OneDrive\\Documents\\GitHub_Project\\mobile-project\\vendor\\laravel\\framework\\src\\Illuminate\\Database\\Migrations\\DatabaseMigrationRepository.php(182): Illuminate\\Database\\Migrations\\DatabaseMigrationRepository->getConnection()
#20 C:\\Users\\amiru\\OneDrive\\Documents\\GitHub_Project\\mobile-project\\vendor\\laravel\\framework\\src\\Illuminate\\Database\\Migrations\\Migrator.php(742): Illuminate\\Database\\Migrations\\DatabaseMigrationRepository->repositoryExists()
#21 C:\\Users\\amiru\\OneDrive\\Documents\\GitHub_Project\\mobile-project\\vendor\\laravel\\framework\\src\\Illuminate\\Database\\Console\\Migrations\\MigrateCommand.php(165): Illuminate\\Database\\Migrations\\Migrator->repositoryExists()
#22 C:\\Users\\amiru\\OneDrive\\Documents\\GitHub_Project\\mobile-project\\vendor\\laravel\\framework\\src\\Illuminate\\Support\\helpers.php(338): Illuminate\\Database\\Console\\Migrations\\MigrateCommand->{closure:Illuminate\\Database\\Console\\Migrations\\MigrateCommand::repositoryExists():165}(1)
#23 C:\\Users\\amiru\\OneDrive\\Documents\\GitHub_Project\\mobile-project\\vendor\\laravel\\framework\\src\\Illuminate\\Database\\Console\\Migrations\\MigrateCommand.php(165): retry(1, Object(Closure), 0, Object(Closure))
#24 C:\\Users\\amiru\\OneDrive\\Documents\\GitHub_Project\\mobile-project\\vendor\\laravel\\framework\\src\\Illuminate\\Database\\Console\\Migrations\\MigrateCommand.php(141): Illuminate\\Database\\Console\\Migrations\\MigrateCommand->repositoryExists()
#25 C:\\Users\\amiru\\OneDrive\\Documents\\GitHub_Project\\mobile-project\\vendor\\laravel\\framework\\src\\Illuminate\\Database\\Console\\Migrations\\MigrateCommand.php(111): Illuminate\\Database\\Console\\Migrations\\MigrateCommand->prepareDatabase()
#26 C:\\Users\\amiru\\OneDrive\\Documents\\GitHub_Project\\mobile-project\\vendor\\laravel\\framework\\src\\Illuminate\\Database\\Migrations\\Migrator.php(658): Illuminate\\Database\\Console\\Migrations\\MigrateCommand->{closure:Illuminate\\Database\\Console\\Migrations\\MigrateCommand::runMigrations():110}()
#27 C:\\Users\\amiru\\OneDrive\\Documents\\GitHub_Project\\mobile-project\\vendor\\laravel\\framework\\src\\Illuminate\\Database\\Console\\Migrations\\MigrateCommand.php(110): Illuminate\\Database\\Migrations\\Migrator->usingConnection(NULL, Object(Closure))
#28 C:\\Users\\amiru\\OneDrive\\Documents\\GitHub_Project\\mobile-project\\vendor\\laravel\\framework\\src\\Illuminate\\Database\\Console\\Migrations\\MigrateCommand.php(89): Illuminate\\Database\\Console\\Migrations\\MigrateCommand->runMigrations()
#29 C:\\Users\\amiru\\OneDrive\\Documents\\GitHub_Project\\mobile-project\\vendor\\laravel\\framework\\src\\Illuminate\\Container\\BoundMethod.php(36): Illuminate\\Database\\Console\\Migrations\\MigrateCommand->handle()
#30 C:\\Users\\amiru\\OneDrive\\Documents\\GitHub_Project\\mobile-project\\vendor\\laravel\\framework\\src\\Illuminate\\Container\\Util.php(43): Illuminate\\Container\\BoundMethod::{closure:Illuminate\\Container\\BoundMethod::call():35}()
#31 C:\\Users\\amiru\\OneDrive\\Documents\\GitHub_Project\\mobile-project\\vendor\\laravel\\framework\\src\\Illuminate\\Container\\BoundMethod.php(95): Illuminate\\Container\\Util::unwrapIfClosure(Object(Closure))
#32 C:\\Users\\amiru\\OneDrive\\Documents\\GitHub_Project\\mobile-project\\vendor\\laravel\\framework\\src\\Illuminate\\Container\\BoundMethod.php(35): Illuminate\\Container\\BoundMethod::callBoundMethod(Object(Illuminate\\Foundation\\Application), Array, Object(Closure))
#33 C:\\Users\\amiru\\OneDrive\\Documents\\GitHub_Project\\mobile-project\\vendor\\laravel\\framework\\src\\Illuminate\\Container\\Container.php(696): Illuminate\\Container\\BoundMethod::call(Object(Illuminate\\Foundation\\Application), Array, Array, NULL)
#34 C:\\Users\\amiru\\OneDrive\\Documents\\GitHub_Project\\mobile-project\\vendor\\laravel\\framework\\src\\Illuminate\\Console\\Command.php(213): Illuminate\\Container\\Container->call(Array)
#35 C:\\Users\\amiru\\OneDrive\\Documents\\GitHub_Project\\mobile-project\\vendor\\symfony\\console\\Command\\Command.php(341): Illuminate\\Console\\Command->execute(Object(Symfony\\Component\\Console\\Input\\ArgvInput), Object(Illuminate\\Console\\OutputStyle))
#36 C:\\Users\\amiru\\OneDrive\\Documents\\GitHub_Project\\mobile-project\\vendor\\laravel\\framework\\src\\Illuminate\\Console\\Command.php(182): Symfony\\Component\\Console\\Command\\Command->run(Object(Symfony\\Component\\Console\\Input\\ArgvInput), Object(Illuminate\\Console\\OutputStyle))
#37 C:\\Users\\amiru\\OneDrive\\Documents\\GitHub_Project\\mobile-project\\vendor\\symfony\\console\\Application.php(1102): Illuminate\\Console\\Command->run(Object(Symfony\\Component\\Console\\Input\\ArgvInput), Object(Symfony\\Component\\Console\\Output\\ConsoleOutput))
#38 C:\\Users\\amiru\\OneDrive\\Documents\\GitHub_Project\\mobile-project\\vendor\\symfony\\console\\Application.php(356): Symfony\\Component\\Console\\Application->doRunCommand(Object(Illuminate\\Database\\Console\\Migrations\\MigrateCommand), Object(Symfony\\Component\\Console\\Input\\ArgvInput), Object(Symfony\\Component\\Console\\Output\\ConsoleOutput))
#39 C:\\Users\\amiru\\OneDrive\\Documents\\GitHub_Project\\mobile-project\\vendor\\symfony\\console\\Application.php(195): Symfony\\Component\\Console\\Application->doRun(Object(Symfony\\Component\\Console\\Input\\ArgvInput), Object(Symfony\\Component\\Console\\Output\\ConsoleOutput))
#40 C:\\Users\\amiru\\OneDrive\\Documents\\GitHub_Project\\mobile-project\\vendor\\laravel\\framework\\src\\Illuminate\\Foundation\\Console\\Kernel.php(198): Symfony\\Component\\Console\\Application->run(Object(Symfony\\Component\\Console\\Input\\ArgvInput), Object(Symfony\\Component\\Console\\Output\\ConsoleOutput))
#41 C:\\Users\\amiru\\OneDrive\\Documents\\GitHub_Project\\mobile-project\\vendor\\laravel\\framework\\src\\Illuminate\\Foundation\\Application.php(1235): Illuminate\\Foundation\\Console\\Kernel->handle(Object(Symfony\\Component\\Console\\Input\\ArgvInput), Object(Symfony\\Component\\Console\\Output\\ConsoleOutput))
#42 C:\\Users\\amiru\\OneDrive\\Documents\\GitHub_Project\\mobile-project\\artisan(16): Illuminate\\Foundation\\Application->handleCommand(Object(Symfony\\Component\\Console\\Input\\ArgvInput))
#43 {main}
"} 
[2026-01-27 13:41:42] local.ERROR: SQLSTATE[HY000] [2002] No connection could be made because the target machine actively refused it {"exception":"[object] (PDOException(code: 2002): SQLSTATE[HY000] [2002] No connection could be made because the target machine actively refused it at C:\\Users\\amiru\\OneDrive\\Documents\\GitHub_Project\\mobile-project\\vendor\\laravel\\framework\\src\\Illuminate\\Database\\Connectors\\Connector.php:67)
[stacktrace]
#0 C:\\Users\\amiru\\OneDrive\\Documents\\GitHub_Project\\mobile-project\\vendor\\laravel\\framework\\src\\Illuminate\\Database\\Connectors\\Connector.php(67): PDO::connect('mysql:host=127....', 'root', Object(SensitiveParameterValue), Array)
#1 C:\\Users\\amiru\\OneDrive\\Documents\\GitHub_Project\\mobile-project\\vendor\\laravel\\framework\\src\\Illuminate\\Database\\Connectors\\Connector.php(85): Illuminate\\Database\\Connectors\\Connector->createPdoConnection('mysql:host=127....', 'root', Object(SensitiveParameterValue), Array)
#2 C:\\Users\\amiru\\OneDrive\\Documents\\GitHub_Project\\mobile-project\\vendor\\laravel\\framework\\src\\Illuminate\\Database\\Connectors\\Connector.php(48): Illuminate\\Database\\Connectors\\Connector->tryAgainIfCausedByLostConnection(Object(PDOException), 'mysql:host=127....', 'root', Object(SensitiveParameterValue), Array)
#3 C:\\Users\\amiru\\OneDrive\\Documents\\GitHub_Project\\mobile-project\\vendor\\laravel\\framework\\src\\Illuminate\\Database\\Connectors\\MySqlConnector.php(24): Illuminate\\Database\\Connectors\\Connector->createConnection('mysql:host=127....', Array, Array)
#4 C:\\Users\\amiru\\OneDrive\\Documents\\GitHub_Project\\mobile-project\\vendor\\laravel\\framework\\src\\Illuminate\\Database\\Connectors\\ConnectionFactory.php(185): Illuminate\\Database\\Connectors\\MySqlConnector->connect(Array)
#5 [internal function]: Illuminate\\Database\\Connectors\\ConnectionFactory->{closure:Illuminate\\Database\\Connectors\\ConnectionFactory::createPdoResolverWithHosts():180}()
#6 C:\\Users\\amiru\\OneDrive\\Documents\\GitHub_Project\\mobile-project\\vendor\\laravel\\framework\\src\\Illuminate\\Database\\Connection.php(1231): call_user_func(Object(Closure))
#7 C:\\Users\\amiru\\OneDrive\\Documents\\GitHub_Project\\mobile-project\\vendor\\laravel\\framework\\src\\Illuminate\\Database\\MySqlConnection.php(102): Illuminate\\Database\\Connection->getPdo()
#8 C:\\Users\\amiru\\OneDrive\\Documents\\GitHub_Project\\mobile-project\\vendor\\laravel\\framework\\src\\Illuminate\\Database\\MySqlConnection.php(29): Illuminate\\Database\\MySqlConnection->isMaria()
#9 C:\\Users\\amiru\\OneDrive\\Documents\\GitHub_Project\\mobile-project\\vendor\\laravel\\framework\\src\\Illuminate\\Database\\Console\\ShowCommand.php(50): Illuminate\\Database\\MySqlConnection->getDriverTitle()
#10 C:\\Users\\amiru\\OneDrive\\Documents\\GitHub_Project\\mobile-project\\vendor\\laravel\\framework\\src\\Illuminate\\Container\\BoundMethod.php(36): Illuminate\\Database\\Console\\ShowCommand->handle(Object(Illuminate\\Database\\DatabaseManager))
#11 C:\\Users\\amiru\\OneDrive\\Documents\\GitHub_Project\\mobile-project\\vendor\\laravel\\framework\\src\\Illuminate\\Container\\Util.php(43): Illuminate\\Container\\BoundMethod::{closure:Illuminate\\Container\\BoundMethod::call():35}()
#12 C:\\Users\\amiru\\OneDrive\\Documents\\GitHub_Project\\mobile-project\\vendor\\laravel\\framework\\src\\Illuminate\\Container\\BoundMethod.php(95): Illuminate\\Container\\Util::unwrapIfClosure(Object(Closure))
#13 C:\\Users\\amiru\\OneDrive\\Documents\\GitHub_Project\\mobile-project\\vendor\\laravel\\framework\\src\\Illuminate\\Container\\BoundMethod.php(35): Illuminate\\Container\\BoundMethod::callBoundMethod(Object(Illuminate\\Foundation\\Application), Array, Object(Closure))
#14 C:\\Users\\amiru\\OneDrive\\Documents\\GitHub_Project\\mobile-project\\vendor\\laravel\\framework\\src\\Illuminate\\Container\\Container.php(696): Illuminate\\Container\\BoundMethod::call(Object(Illuminate\\Foundation\\Application), Array, Array, NULL)
#15 C:\\Users\\amiru\\OneDrive\\Documents\\GitHub_Project\\mobile-project\\vendor\\laravel\\framework\\src\\Illuminate\\Console\\Command.php(213): Illuminate\\Container\\Container->call(Array)
#16 C:\\Users\\amiru\\OneDrive\\Documents\\GitHub_Project\\mobile-project\\vendor\\symfony\\console\\Command\\Command.php(341): Illuminate\\Console\\Command->execute(Object(Symfony\\Component\\Console\\Input\\ArgvInput), Object(Illuminate\\Console\\OutputStyle))
#17 C:\\Users\\amiru\\OneDrive\\Documents\\GitHub_Project\\mobile-project\\vendor\\laravel\\framework\\src\\Illuminate\\Console\\Command.php(182): Symfony\\Component\\Console\\Command\\Command->run(Object(Symfony\\Component\\Console\\Input\\ArgvInput), Object(Illuminate\\Console\\OutputStyle))
#18 C:\\Users\\amiru\\OneDrive\\Documents\\GitHub_Project\\mobile-project\\vendor\\symfony\\console\\Application.php(1102): Illuminate\\Console\\Command->run(Object(Symfony\\Component\\Console\\Input\\ArgvInput), Object(Symfony\\Component\\Console\\Output\\ConsoleOutput))
#19 C:\\Users\\amiru\\OneDrive\\Documents\\GitHub_Project\\mobile-project\\vendor\\symfony\\console\\Application.php(356): Symfony\\Component\\Console\\Application->doRunCommand(Object(Illuminate\\Database\\Console\\ShowCommand), Object(Symfony\\Component\\Console\\Input\\ArgvInput), Object(Symfony\\Component\\Console\\Output\\ConsoleOutput))
#20 C:\\Users\\amiru\\OneDrive\\Documents\\GitHub_Project\\mobile-project\\vendor\\symfony\\console\\Application.php(195): Symfony\\Component\\Console\\Application->doRun(Object(Symfony\\Component\\Console\\Input\\ArgvInput), Object(Symfony\\Component\\Console\\Output\\ConsoleOutput))
#21 C:\\Users\\amiru\\OneDrive\\Documents\\GitHub_Project\\mobile-project\\vendor\\laravel\\framework\\src\\Illuminate\\Foundation\\Console\\Kernel.php(198): Symfony\\Component\\Console\\Application->run(Object(Symfony\\Component\\Console\\Input\\ArgvInput), Object(Symfony\\Component\\Console\\Output\\ConsoleOutput))
#22 C:\\Users\\amiru\\OneDrive\\Documents\\GitHub_Project\\mobile-project\\vendor\\laravel\\framework\\src\\Illuminate\\Foundation\\Application.php(1235): Illuminate\\Foundation\\Console\\Kernel->handle(Object(Symfony\\Component\\Console\\Input\\ArgvInput), Object(Symfony\\Component\\Console\\Output\\ConsoleOutput))
#23 C:\\Users\\amiru\\OneDrive\\Documents\\GitHub_Project\\mobile-project\\artisan(16): Illuminate\\Foundation\\Application->handleCommand(Object(Symfony\\Component\\Console\\Input\\ArgvInput))
#24 {main}
"} 
[2026-01-27 15:06:50] local.ERROR: SQLSTATE[HY000] [1045] Access denied for user 'root'@'localhost' (using password: NO) {"exception":"[object] (PDOException(code: 1045): SQLSTATE[HY000] [1045] Access denied for user 'root'@'localhost' (using password: NO) at C:\\Users\\amiru\\OneDrive\\Documents\\GitHub_Project\\mobile-project\\vendor\\laravel\\framework\\src\\Illuminate\\Database\\Connectors\\Connector.php:67)
[stacktrace]
#0 C:\\Users\\amiru\\OneDrive\\Documents\\GitHub_Project\\mobile-project\\vendor\\laravel\\framework\\src\\Illuminate\\Database\\Connectors\\Connector.php(67): PDO::connect('mysql:host=127....', 'root', Object(SensitiveParameterValue), Array)
#1 C:\\Users\\amiru\\OneDrive\\Documents\\GitHub_Project\\mobile-project\\vendor\\laravel\\framework\\src\\Illuminate\\Database\\Connectors\\Connector.php(44): Illuminate\\Database\\Connectors\\Connector->createPdoConnection('mysql:host=127....', 'root', Object(SensitiveParameterValue), Array)
#2 C:\\Users\\amiru\\OneDrive\\Documents\\GitHub_Project\\mobile-project\\vendor\\laravel\\framework\\src\\Illuminate\\Database\\Connectors\\MySqlConnector.php(24): Illuminate\\Database\\Connectors\\Connector->createConnection('mysql:host=127....', Array, Array)
#3 C:\\Users\\amiru\\OneDrive\\Documents\\GitHub_Project\\mobile-project\\vendor\\laravel\\framework\\src\\Illuminate\\Database\\Connectors\\ConnectionFactory.php(185): Illuminate\\Database\\Connectors\\MySqlConnector->connect(Array)
#4 [internal function]: Illuminate\\Database\\Connectors\\ConnectionFactory->{closure:Illuminate\\Database\\Connectors\\ConnectionFactory::createPdoResolverWithHosts():180}()
#5 C:\\Users\\amiru\\OneDrive\\Documents\\GitHub_Project\\mobile-project\\vendor\\laravel\\framework\\src\\Illuminate\\Database\\Connection.php(1231): call_user_func(Object(Closure))
#6 C:\\Users\\amiru\\OneDrive\\Documents\\GitHub_Project\\mobile-project\\vendor\\laravel\\framework\\src\\Illuminate\\Database\\MySqlConnection.php(102): Illuminate\\Database\\Connection->getPdo()
#7 C:\\Users\\amiru\\OneDrive\\Documents\\GitHub_Project\\mobile-project\\vendor\\laravel\\framework\\src\\Illuminate\\Database\\MySqlConnection.php(29): Illuminate\\Database\\MySqlConnection->isMaria()
#8 C:\\Users\\amiru\\OneDrive\\Documents\\GitHub_Project\\mobile-project\\vendor\\laravel\\framework\\src\\Illuminate\\Database\\Console\\ShowCommand.php(50): Illuminate\\Database\\MySqlConnection->getDriverTitle()
#9 C:\\Users\\amiru\\OneDrive\\Documents\\GitHub_Project\\mobile-project\\vendor\\laravel\\framework\\src\\Illuminate\\Container\\BoundMethod.php(36): Illuminate\\Database\\Console\\ShowCommand->handle(Object(Illuminate\\Database\\DatabaseManager))
#10 C:\\Users\\amiru\\OneDrive\\Documents\\GitHub_Project\\mobile-project\\vendor\\laravel\\framework\\src\\Illuminate\\Container\\Util.php(43): Illuminate\\Container\\BoundMethod::{closure:Illuminate\\Container\\BoundMethod::call():35}()
#11 C:\\Users\\amiru\\OneDrive\\Documents\\GitHub_Project\\mobile-project\\vendor\\laravel\\framework\\src\\Illuminate\\Container\\BoundMethod.php(95): Illuminate\\Container\\Util::unwrapIfClosure(Object(Closure))
#12 C:\\Users\\amiru\\OneDrive\\Documents\\GitHub_Project\\mobile-project\\vendor\\laravel\\framework\\src\\Illuminate\\Container\\BoundMethod.php(35): Illuminate\\Container\\BoundMethod::callBoundMethod(Object(Illuminate\\Foundation\\Application), Array, Object(Closure))
#13 C:\\Users\\amiru\\OneDrive\\Documents\\GitHub_Project\\mobile-project\\vendor\\laravel\\framework\\src\\Illuminate\\Container\\Container.php(696): Illuminate\\Container\\BoundMethod::call(Object(Illuminate\\Foundation\\Application), Array, Array, NULL)
#14 C:\\Users\\amiru\\OneDrive\\Documents\\GitHub_Project\\mobile-project\\vendor\\laravel\\framework\\src\\Illuminate\\Console\\Command.php(213): Illuminate\\Container\\Container->call(Array)
#15 C:\\Users\\amiru\\OneDrive\\Documents\\GitHub_Project\\mobile-project\\vendor\\symfony\\console\\Command\\Command.php(341): Illuminate\\Console\\Command->execute(Object(Symfony\\Component\\Console\\Input\\ArgvInput), Object(Illuminate\\Console\\OutputStyle))
#16 C:\\Users\\amiru\\OneDrive\\Documents\\GitHub_Project\\mobile-project\\vendor\\laravel\\framework\\src\\Illuminate\\Console\\Command.php(182): Symfony\\Component\\Console\\Command\\Command->run(Object(Symfony\\Component\\Console\\Input\\ArgvInput), Object(Illuminate\\Console\\OutputStyle))
#17 C:\\Users\\amiru\\OneDrive\\Documents\\GitHub_Project\\mobile-project\\vendor\\symfony\\console\\Application.php(1102): Illuminate\\Console\\Command->run(Object(Symfony\\Component\\Console\\Input\\ArgvInput), Object(Symfony\\Component\\Console\\Output\\ConsoleOutput))
#18 C:\\Users\\amiru\\OneDrive\\Documents\\GitHub_Project\\mobile-project\\vendor\\symfony\\console\\Application.php(356): Symfony\\Component\\Console\\Application->doRunCommand(Object(Illuminate\\Database\\Console\\ShowCommand), Object(Symfony\\Component\\Console\\Input\\ArgvInput), Object(Symfony\\Component\\Console\\Output\\ConsoleOutput))
#19 C:\\Users\\amiru\\OneDrive\\Documents\\GitHub_Project\\mobile-project\\vendor\\symfony\\console\\Application.php(195): Symfony\\Component\\Console\\Application->doRun(Object(Symfony\\Component\\Console\\Input\\ArgvInput), Object(Symfony\\Component\\Console\\Output\\ConsoleOutput))
#20 C:\\Users\\amiru\\OneDrive\\Documents\\GitHub_Project\\mobile-project\\vendor\\laravel\\framework\\src\\Illuminate\\Foundation\\Console\\Kernel.php(198): Symfony\\Component\\Console\\Application->run(Object(Symfony\\Component\\Console\\Input\\ArgvInput), Object(Symfony\\Component\\Console\\Output\\ConsoleOutput))
#21 C:\\Users\\amiru\\OneDrive\\Documents\\GitHub_Project\\mobile-project\\vendor\\laravel\\framework\\src\\Illuminate\\Foundation\\Application.php(1235): Illuminate\\Foundation\\Console\\Kernel->handle(Object(Symfony\\Component\\Console\\Input\\ArgvInput), Object(Symfony\\Component\\Console\\Output\\ConsoleOutput))
#22 C:\\Users\\amiru\\OneDrive\\Documents\\GitHub_Project\\mobile-project\\artisan(16): Illuminate\\Foundation\\Application->handleCommand(Object(Symfony\\Component\\Console\\Input\\ArgvInput))
#23 {main}
"} 
[2026-01-27 15:07:03] local.ERROR: Command "db:create" is not defined.

Did you mean one of these?
    db
    db:monitor
    db:seed
    db:show
    db:table
    db:wipe {"exception":"[object] (Symfony\\Component\\Console\\Exception\\CommandNotFoundException(code: 0): Command \"db:create\" is not defined.

Did you mean one of these?
    db
    db:monitor
    db:seed
    db:show
    db:table
    db:wipe at C:\\Users\\amiru\\OneDrive\\Documents\\GitHub_Project\\mobile-project\\vendor\\symfony\\console\\Application.php:759)
[stacktrace]
#0 C:\\Users\\amiru\\OneDrive\\Documents\\GitHub_Project\\mobile-project\\vendor\\symfony\\console\\Application.php(298): Symfony\\Component\\Console\\Application->find('db:create')
#1 C:\\Users\\amiru\\OneDrive\\Documents\\GitHub_Project\\mobile-project\\vendor\\symfony\\console\\Application.php(195): Symfony\\Component\\Console\\Application->doRun(Object(Symfony\\Component\\Console\\Input\\ArgvInput), Object(Symfony\\Component\\Console\\Output\\ConsoleOutput))
#2 C:\\Users\\amiru\\OneDrive\\Documents\\GitHub_Project\\mobile-project\\vendor\\laravel\\framework\\src\\Illuminate\\Foundation\\Console\\Kernel.php(198): Symfony\\Component\\Console\\Application->run(Object(Symfony\\Component\\Console\\Input\\ArgvInput), Object(Symfony\\Component\\Console\\Output\\ConsoleOutput))
#3 C:\\Users\\amiru\\OneDrive\\Documents\\GitHub_Project\\mobile-project\\vendor\\laravel\\framework\\src\\Illuminate\\Foundation\\Application.php(1235): Illuminate\\Foundation\\Console\\Kernel->handle(Object(Symfony\\Component\\Console\\Input\\ArgvInput), Object(Symfony\\Component\\Console\\Output\\ConsoleOutput))
#4 C:\\Users\\amiru\\OneDrive\\Documents\\GitHub_Project\\mobile-project\\artisan(16): Illuminate\\Foundation\\Application->handleCommand(Object(Symfony\\Component\\Console\\Input\\ArgvInput))
#5 {main}
"} 
[2026-01-27 15:07:26] local.ERROR: SQLSTATE[HY000] [1045] Access denied for user 'root'@'localhost' (using password: NO) (Connection: mysql, SQL: select exists (select 1 from information_schema.tables where table_schema = 'fr' and table_name = 'migrations' and table_type in ('BASE TABLE', 'SYSTEM VERSIONED')) as `exists`) {"exception":"[object] (Illuminate\\Database\\QueryException(code: 1045): SQLSTATE[HY000] [1045] Access denied for user 'root'@'localhost' (using password: NO) (Connection: mysql, SQL: select exists (select 1 from information_schema.tables where table_schema = 'fr' and table_name = 'migrations' and table_type in ('BASE TABLE', 'SYSTEM VERSIONED')) as `exists`) at C:\\Users\\amiru\\OneDrive\\Documents\\GitHub_Project\\mobile-project\\vendor\\laravel\\framework\\src\\Illuminate\\Database\\Connection.php:825)
[stacktrace]
#0 C:\\Users\\amiru\\OneDrive\\Documents\\GitHub_Project\\mobile-project\\vendor\\laravel\\framework\\src\\Illuminate\\Database\\Connection.php(779): Illuminate\\Database\\Connection->runQueryCallback('select exists (...', Array, Object(Closure))
#1 C:\\Users\\amiru\\OneDrive\\Documents\\GitHub_Project\\mobile-project\\vendor\\laravel\\framework\\src\\Illuminate\\Database\\Connection.php(398): Illuminate\\Database\\Connection->run('select exists (...', Array, Object(Closure))
#2 C:\\Users\\amiru\\OneDrive\\Documents\\GitHub_Project\\mobile-project\\vendor\\laravel\\framework\\src\\Illuminate\\Database\\Connection.php(344): Illuminate\\Database\\Connection->select('select exists (...', Array, true)
#3 C:\\Users\\amiru\\OneDrive\\Documents\\GitHub_Project\\mobile-project\\vendor\\laravel\\framework\\src\\Illuminate\\Database\\Connection.php(361): Illuminate\\Database\\Connection->selectOne('select exists (...', Array, true)
#4 C:\\Users\\amiru\\OneDrive\\Documents\\GitHub_Project\\mobile-project\\vendor\\laravel\\framework\\src\\Illuminate\\Database\\Schema\\MySqlBuilder.php(45): Illuminate\\Database\\Connection->scalar('select exists (...')
#5 C:\\Users\\amiru\\OneDrive\\Documents\\GitHub_Project\\mobile-project\\vendor\\laravel\\framework\\src\\Illuminate\\Database\\Migrations\\DatabaseMigrationRepository.php(184): Illuminate\\Database\\Schema\\MySqlBuilder->hasTable('migrations')
#6 C:\\Users\\amiru\\OneDrive\\Documents\\GitHub_Project\\mobile-project\\vendor\\laravel\\framework\\src\\Illuminate\\Database\\Migrations\\Migrator.php(742): Illuminate\\Database\\Migrations\\DatabaseMigrationRepository->repositoryExists()
#7 C:\\Users\\amiru\\OneDrive\\Documents\\GitHub_Project\\mobile-project\\vendor\\laravel\\framework\\src\\Illuminate\\Database\\Console\\Migrations\\FreshCommand.php(68): Illuminate\\Database\\Migrations\\Migrator->repositoryExists()
#8 C:\\Users\\amiru\\OneDrive\\Documents\\GitHub_Project\\mobile-project\\vendor\\laravel\\framework\\src\\Illuminate\\Database\\Migrations\\Migrator.php(658): Illuminate\\Database\\Console\\Migrations\\FreshCommand->{closure:Illuminate\\Database\\Console\\Migrations\\FreshCommand::handle():67}()
#9 C:\\Users\\amiru\\OneDrive\\Documents\\GitHub_Project\\mobile-project\\vendor\\laravel\\framework\\src\\Illuminate\\Database\\Console\\Migrations\\FreshCommand.php(67): Illuminate\\Database\\Migrations\\Migrator->usingConnection(NULL, Object(Closure))
#10 C:\\Users\\amiru\\OneDrive\\Documents\\GitHub_Project\\mobile-project\\vendor\\laravel\\framework\\src\\Illuminate\\Container\\BoundMethod.php(36): Illuminate\\Database\\Console\\Migrations\\FreshCommand->handle()
#11 C:\\Users\\amiru\\OneDrive\\Documents\\GitHub_Project\\mobile-project\\vendor\\laravel\\framework\\src\\Illuminate\\Container\\Util.php(43): Illuminate\\Container\\BoundMethod::{closure:Illuminate\\Container\\BoundMethod::call():35}()
#12 C:\\Users\\amiru\\OneDrive\\Documents\\GitHub_Project\\mobile-project\\vendor\\laravel\\framework\\src\\Illuminate\\Container\\BoundMethod.php(95): Illuminate\\Container\\Util::unwrapIfClosure(Object(Closure))
#13 C:\\Users\\amiru\\OneDrive\\Documents\\GitHub_Project\\mobile-project\\vendor\\laravel\\framework\\src\\Illuminate\\Container\\BoundMethod.php(35): Illuminate\\Container\\BoundMethod::callBoundMethod(Object(Illuminate\\Foundation\\Application), Array, Object(Closure))
#14 C:\\Users\\amiru\\OneDrive\\Documents\\GitHub_Project\\mobile-project\\vendor\\laravel\\framework\\src\\Illuminate\\Container\\Container.php(696): Illuminate\\Container\\BoundMethod::call(Object(Illuminate\\Foundation\\Application), Array, Array, NULL)
#15 C:\\Users\\amiru\\OneDrive\\Documents\\GitHub_Project\\mobile-project\\vendor\\laravel\\framework\\src\\Illuminate\\Console\\Command.php(213): Illuminate\\Container\\Container->call(Array)
#16 C:\\Users\\amiru\\OneDrive\\Documents\\GitHub_Project\\mobile-project\\vendor\\symfony\\console\\Command\\Command.php(341): Illuminate\\Console\\Command->execute(Object(Symfony\\Component\\Console\\Input\\ArgvInput), Object(Illuminate\\Console\\OutputStyle))
#17 C:\\Users\\amiru\\OneDrive\\Documents\\GitHub_Project\\mobile-project\\vendor\\laravel\\framework\\src\\Illuminate\\Console\\Command.php(182): Symfony\\Component\\Console\\Command\\Command->run(Object(Symfony\\Component\\Console\\Input\\ArgvInput), Object(Illuminate\\Console\\OutputStyle))
#18 C:\\Users\\amiru\\OneDrive\\Documents\\GitHub_Project\\mobile-project\\vendor\\symfony\\console\\Application.php(1102): Illuminate\\Console\\Command->run(Object(Symfony\\Component\\Console\\Input\\ArgvInput), Object(Symfony\\Component\\Console\\Output\\ConsoleOutput))
#19 C:\\Users\\amiru\\OneDrive\\Documents\\GitHub_Project\\mobile-project\\vendor\\symfony\\console\\Application.php(356): Symfony\\Component\\Console\\Application->doRunCommand(Object(Illuminate\\Database\\Console\\Migrations\\FreshCommand), Object(Symfony\\Component\\Console\\Input\\ArgvInput), Object(Symfony\\Component\\Console\\Output\\ConsoleOutput))
#20 C:\\Users\\amiru\\OneDrive\\Documents\\GitHub_Project\\mobile-project\\vendor\\symfony\\console\\Application.php(195): Symfony\\Component\\Console\\Application->doRun(Object(Symfony\\Component\\Console\\Input\\ArgvInput), Object(Symfony\\Component\\Console\\Output\\ConsoleOutput))
#21 C:\\Users\\amiru\\OneDrive\\Documents\\GitHub_Project\\mobile-project\\vendor\\laravel\\framework\\src\\Illuminate\\Foundation\\Console\\Kernel.php(198): Symfony\\Component\\Console\\Application->run(Object(Symfony\\Component\\Console\\Input\\ArgvInput), Object(Symfony\\Component\\Console\\Output\\ConsoleOutput))
#22 C:\\Users\\amiru\\OneDrive\\Documents\\GitHub_Project\\mobile-project\\vendor\\laravel\\framework\\src\\Illuminate\\Foundation\\Application.php(1235): Illuminate\\Foundation\\Console\\Kernel->handle(Object(Symfony\\Component\\Console\\Input\\ArgvInput), Object(Symfony\\Component\\Console\\Output\\ConsoleOutput))
#23 C:\\Users\\amiru\\OneDrive\\Documents\\GitHub_Project\\mobile-project\\artisan(16): Illuminate\\Foundation\\Application->handleCommand(Object(Symfony\\Component\\Console\\Input\\ArgvInput))
#24 {main}

[previous exception] [object] (PDOException(code: 1045): SQLSTATE[HY000] [1045] Access denied for user 'root'@'localhost' (using password: NO) at C:\\Users\\amiru\\OneDrive\\Documents\\GitHub_Project\\mobile-project\\vendor\\laravel\\framework\\src\\Illuminate\\Database\\Connectors\\Connector.php:67)
[stacktrace]
#0 C:\\Users\\amiru\\OneDrive\\Documents\\GitHub_Project\\mobile-project\\vendor\\laravel\\framework\\src\\Illuminate\\Database\\Connectors\\Connector.php(67): PDO::connect('mysql:host=127....', 'root', Object(SensitiveParameterValue), Array)
#1 C:\\Users\\amiru\\OneDrive\\Documents\\GitHub_Project\\mobile-project\\vendor\\laravel\\framework\\src\\Illuminate\\Database\\Connectors\\Connector.php(44): Illuminate\\Database\\Connectors\\Connector->createPdoConnection('mysql:host=127....', 'root', Object(SensitiveParameterValue), Array)
#2 C:\\Users\\amiru\\OneDrive\\Documents\\GitHub_Project\\mobile-project\\vendor\\laravel\\framework\\src\\Illuminate\\Database\\Connectors\\MySqlConnector.php(24): Illuminate\\Database\\Connectors\\Connector->createConnection('mysql:host=127....', Array, Array)
#3 C:\\Users\\amiru\\OneDrive\\Documents\\GitHub_Project\\mobile-project\\vendor\\laravel\\framework\\src\\Illuminate\\Database\\Connectors\\ConnectionFactory.php(185): Illuminate\\Database\\Connectors\\MySqlConnector->connect(Array)
#4 [internal function]: Illuminate\\Database\\Connectors\\ConnectionFactory->{closure:Illuminate\\Database\\Connectors\\ConnectionFactory::createPdoResolverWithHosts():180}()
#5 C:\\Users\\amiru\\OneDrive\\Documents\\GitHub_Project\\mobile-project\\vendor\\laravel\\framework\\src\\Illuminate\\Database\\Connection.php(1231): call_user_func(Object(Closure))
#6 C:\\Users\\amiru\\OneDrive\\Documents\\GitHub_Project\\mobile-project\\vendor\\laravel\\framework\\src\\Illuminate\\Database\\Connection.php(1267): Illuminate\\Database\\Connection->getPdo()
#7 C:\\Users\\amiru\\OneDrive\\Documents\\GitHub_Project\\mobile-project\\vendor\\laravel\\framework\\src\\Illuminate\\Database\\Connection.php(512): Illuminate\\Database\\Connection->getReadPdo()
#8 C:\\Users\\amiru\\OneDrive\\Documents\\GitHub_Project\\mobile-project\\vendor\\laravel\\framework\\src\\Illuminate\\Database\\Connection.php(407): Illuminate\\Database\\Connection->getPdoForSelect(true)
#9 C:\\Users\\amiru\\OneDrive\\Documents\\GitHub_Project\\mobile-project\\vendor\\laravel\\framework\\src\\Illuminate\\Database\\Connection.php(812): Illuminate\\Database\\Connection->{closure:Illuminate\\Database\\Connection::select():398}('select exists (...', Array)
#10 C:\\Users\\amiru\\OneDrive\\Documents\\GitHub_Project\\mobile-project\\vendor\\laravel\\framework\\src\\Illuminate\\Database\\Connection.php(779): Illuminate\\Database\\Connection->runQueryCallback('select exists (...', Array, Object(Closure))
#11 C:\\Users\\amiru\\OneDrive\\Documents\\GitHub_Project\\mobile-project\\vendor\\laravel\\framework\\src\\Illuminate\\Database\\Connection.php(398): Illuminate\\Database\\Connection->run('select exists (...', Array, Object(Closure))
#12 C:\\Users\\amiru\\OneDrive\\Documents\\GitHub_Project\\mobile-project\\vendor\\laravel\\framework\\src\\Illuminate\\Database\\Connection.php(344): Illuminate\\Database\\Connection->select('select exists (...', Array, true)
#13 C:\\Users\\amiru\\OneDrive\\Documents\\GitHub_Project\\mobile-project\\vendor\\laravel\\framework\\src\\Illuminate\\Database\\Connection.php(361): Illuminate\\Database\\Connection->selectOne('select exists (...', Array, true)
#14 C:\\Users\\amiru\\OneDrive\\Documents\\GitHub_Project\\mobile-project\\vendor\\laravel\\framework\\src\\Illuminate\\Database\\Schema\\MySqlBuilder.php(45): Illuminate\\Database\\Connection->scalar('select exists (...')
#15 C:\\Users\\amiru\\OneDrive\\Documents\\GitHub_Project\\mobile-project\\vendor\\laravel\\framework\\src\\Illuminate\\Database\\Migrations\\DatabaseMigrationRepository.php(184): Illuminate\\Database\\Schema\\MySqlBuilder->hasTable('migrations')
#16 C:\\Users\\amiru\\OneDrive\\Documents\\GitHub_Project\\mobile-project\\vendor\\laravel\\framework\\src\\Illuminate\\Database\\Migrations\\Migrator.php(742): Illuminate\\Database\\Migrations\\DatabaseMigrationRepository->repositoryExists()
#17 C:\\Users\\amiru\\OneDrive\\Documents\\GitHub_Project\\mobile-project\\vendor\\laravel\\framework\\src\\Illuminate\\Database\\Console\\Migrations\\FreshCommand.php(68): Illuminate\\Database\\Migrations\\Migrator->repositoryExists()
#18 C:\\Users\\amiru\\OneDrive\\Documents\\GitHub_Project\\mobile-project\\vendor\\laravel\\framework\\src\\Illuminate\\Database\\Migrations\\Migrator.php(658): Illuminate\\Database\\Console\\Migrations\\FreshCommand->{closure:Illuminate\\Database\\Console\\Migrations\\FreshCommand::handle():67}()
#19 C:\\Users\\amiru\\OneDrive\\Documents\\GitHub_Project\\mobile-project\\vendor\\laravel\\framework\\src\\Illuminate\\Database\\Console\\Migrations\\FreshCommand.php(67): Illuminate\\Database\\Migrations\\Migrator->usingConnection(NULL, Object(Closure))
#20 C:\\Users\\amiru\\OneDrive\\Documents\\GitHub_Project\\mobile-project\\vendor\\laravel\\framework\\src\\Illuminate\\Container\\BoundMethod.php(36): Illuminate\\Database\\Console\\Migrations\\FreshCommand->handle()
#21 C:\\Users\\amiru\\OneDrive\\Documents\\GitHub_Project\\mobile-project\\vendor\\laravel\\framework\\src\\Illuminate\\Container\\Util.php(43): Illuminate\\Container\\BoundMethod::{closure:Illuminate\\Container\\BoundMethod::call():35}()
#22 C:\\Users\\amiru\\OneDrive\\Documents\\GitHub_Project\\mobile-project\\vendor\\laravel\\framework\\src\\Illuminate\\Container\\BoundMethod.php(95): Illuminate\\Container\\Util::unwrapIfClosure(Object(Closure))
#23 C:\\Users\\amiru\\OneDrive\\Documents\\GitHub_Project\\mobile-project\\vendor\\laravel\\framework\\src\\Illuminate\\Container\\BoundMethod.php(35): Illuminate\\Container\\BoundMethod::callBoundMethod(Object(Illuminate\\Foundation\\Application), Array, Object(Closure))
#24 C:\\Users\\amiru\\OneDrive\\Documents\\GitHub_Project\\mobile-project\\vendor\\laravel\\framework\\src\\Illuminate\\Container\\Container.php(696): Illuminate\\Container\\BoundMethod::call(Object(Illuminate\\Foundation\\Application), Array, Array, NULL)
#25 C:\\Users\\amiru\\OneDrive\\Documents\\GitHub_Project\\mobile-project\\vendor\\laravel\\framework\\src\\Illuminate\\Console\\Command.php(213): Illuminate\\Container\\Container->call(Array)
#26 C:\\Users\\amiru\\OneDrive\\Documents\\GitHub_Project\\mobile-project\\vendor\\symfony\\console\\Command\\Command.php(341): Illuminate\\Console\\Command->execute(Object(Symfony\\Component\\Console\\Input\\ArgvInput), Object(Illuminate\\Console\\OutputStyle))
#27 C:\\Users\\amiru\\OneDrive\\Documents\\GitHub_Project\\mobile-project\\vendor\\laravel\\framework\\src\\Illuminate\\Console\\Command.php(182): Symfony\\Component\\Console\\Command\\Command->run(Object(Symfony\\Component\\Console\\Input\\ArgvInput), Object(Illuminate\\Console\\OutputStyle))
#28 C:\\Users\\amiru\\OneDrive\\Documents\\GitHub_Project\\mobile-project\\vendor\\symfony\\console\\Application.php(1102): Illuminate\\Console\\Command->run(Object(Symfony\\Component\\Console\\Input\\ArgvInput), Object(Symfony\\Component\\Console\\Output\\ConsoleOutput))
#29 C:\\Users\\amiru\\OneDrive\\Documents\\GitHub_Project\\mobile-project\\vendor\\symfony\\console\\Application.php(356): Symfony\\Component\\Console\\Application->doRunCommand(Object(Illuminate\\Database\\Console\\Migrations\\FreshCommand), Object(Symfony\\Component\\Console\\Input\\ArgvInput), Object(Symfony\\Component\\Console\\Output\\ConsoleOutput))
#30 C:\\Users\\amiru\\OneDrive\\Documents\\GitHub_Project\\mobile-project\\vendor\\symfony\\console\\Application.php(195): Symfony\\Component\\Console\\Application->doRun(Object(Symfony\\Component\\Console\\Input\\ArgvInput), Object(Symfony\\Component\\Console\\Output\\ConsoleOutput))
#31 C:\\Users\\amiru\\OneDrive\\Documents\\GitHub_Project\\mobile-project\\vendor\\laravel\\framework\\src\\Illuminate\\Foundation\\Console\\Kernel.php(198): Symfony\\Component\\Console\\Application->run(Object(Symfony\\Component\\Console\\Input\\ArgvInput), Object(Symfony\\Component\\Console\\Output\\ConsoleOutput))
#32 C:\\Users\\amiru\\OneDrive\\Documents\\GitHub_Project\\mobile-project\\vendor\\laravel\\framework\\src\\Illuminate\\Foundation\\Application.php(1235): Illuminate\\Foundation\\Console\\Kernel->handle(Object(Symfony\\Component\\Console\\Input\\ArgvInput), Object(Symfony\\Component\\Console\\Output\\ConsoleOutput))
#33 C:\\Users\\amiru\\OneDrive\\Documents\\GitHub_Project\\mobile-project\\artisan(16): Illuminate\\Foundation\\Application->handleCommand(Object(Symfony\\Component\\Console\\Input\\ArgvInput))
#34 {main}
"} 
[2026-01-27 15:07:43] local.ERROR: SQLSTATE[HY000] [1045] Access denied for user 'root'@'localhost' (using password: NO) (Connection: mysql, SQL: select exists (select 1 from information_schema.tables where table_schema = 'fr' and table_name = 'migrations' and table_type in ('BASE TABLE', 'SYSTEM VERSIONED')) as `exists`) {"exception":"[object] (Illuminate\\Database\\QueryException(code: 1045): SQLSTATE[HY000] [1045] Access denied for user 'root'@'localhost' (using password: NO) (Connection: mysql, SQL: select exists (select 1 from information_schema.tables where table_schema = 'fr' and table_name = 'migrations' and table_type in ('BASE TABLE', 'SYSTEM VERSIONED')) as `exists`) at C:\\Users\\amiru\\OneDrive\\Documents\\GitHub_Project\\mobile-project\\vendor\\laravel\\framework\\src\\Illuminate\\Database\\Connection.php:825)
[stacktrace]
#0 C:\\Users\\amiru\\OneDrive\\Documents\\GitHub_Project\\mobile-project\\vendor\\laravel\\framework\\src\\Illuminate\\Database\\Connection.php(779): Illuminate\\Database\\Connection->runQueryCallback('select exists (...', Array, Object(Closure))
#1 C:\\Users\\amiru\\OneDrive\\Documents\\GitHub_Project\\mobile-project\\vendor\\laravel\\framework\\src\\Illuminate\\Database\\Connection.php(398): Illuminate\\Database\\Connection->run('select exists (...', Array, Object(Closure))
#2 C:\\Users\\amiru\\OneDrive\\Documents\\GitHub_Project\\mobile-project\\vendor\\laravel\\framework\\src\\Illuminate\\Database\\Connection.php(344): Illuminate\\Database\\Connection->select('select exists (...', Array, true)
#3 C:\\Users\\amiru\\OneDrive\\Documents\\GitHub_Project\\mobile-project\\vendor\\laravel\\framework\\src\\Illuminate\\Database\\Connection.php(361): Illuminate\\Database\\Connection->selectOne('select exists (...', Array, true)
#4 C:\\Users\\amiru\\OneDrive\\Documents\\GitHub_Project\\mobile-project\\vendor\\laravel\\framework\\src\\Illuminate\\Database\\Schema\\MySqlBuilder.php(45): Illuminate\\Database\\Connection->scalar('select exists (...')
#5 C:\\Users\\amiru\\OneDrive\\Documents\\GitHub_Project\\mobile-project\\vendor\\laravel\\framework\\src\\Illuminate\\Database\\Migrations\\DatabaseMigrationRepository.php(184): Illuminate\\Database\\Schema\\MySqlBuilder->hasTable('migrations')
#6 C:\\Users\\amiru\\OneDrive\\Documents\\GitHub_Project\\mobile-project\\vendor\\laravel\\framework\\src\\Illuminate\\Database\\Migrations\\Migrator.php(742): Illuminate\\Database\\Migrations\\DatabaseMigrationRepository->repositoryExists()
#7 C:\\Users\\amiru\\OneDrive\\Documents\\GitHub_Project\\mobile-project\\vendor\\laravel\\framework\\src\\Illuminate\\Database\\Console\\Migrations\\FreshCommand.php(68): Illuminate\\Database\\Migrations\\Migrator->repositoryExists()
#8 C:\\Users\\amiru\\OneDrive\\Documents\\GitHub_Project\\mobile-project\\vendor\\laravel\\framework\\src\\Illuminate\\Database\\Migrations\\Migrator.php(658): Illuminate\\Database\\Console\\Migrations\\FreshCommand->{closure:Illuminate\\Database\\Console\\Migrations\\FreshCommand::handle():67}()
#9 C:\\Users\\amiru\\OneDrive\\Documents\\GitHub_Project\\mobile-project\\vendor\\laravel\\framework\\src\\Illuminate\\Database\\Console\\Migrations\\FreshCommand.php(67): Illuminate\\Database\\Migrations\\Migrator->usingConnection(NULL, Object(Closure))
#10 C:\\Users\\amiru\\OneDrive\\Documents\\GitHub_Project\\mobile-project\\vendor\\laravel\\framework\\src\\Illuminate\\Container\\BoundMethod.php(36): Illuminate\\Database\\Console\\Migrations\\FreshCommand->handle()
#11 C:\\Users\\amiru\\OneDrive\\Documents\\GitHub_Project\\mobile-project\\vendor\\laravel\\framework\\src\\Illuminate\\Container\\Util.php(43): Illuminate\\Container\\BoundMethod::{closure:Illuminate\\Container\\BoundMethod::call():35}()
#12 C:\\Users\\amiru\\OneDrive\\Documents\\GitHub_Project\\mobile-project\\vendor\\laravel\\framework\\src\\Illuminate\\Container\\BoundMethod.php(95): Illuminate\\Container\\Util::unwrapIfClosure(Object(Closure))
#13 C:\\Users\\amiru\\OneDrive\\Documents\\GitHub_Project\\mobile-project\\vendor\\laravel\\framework\\src\\Illuminate\\Container\\BoundMethod.php(35): Illuminate\\Container\\BoundMethod::callBoundMethod(Object(Illuminate\\Foundation\\Application), Array, Object(Closure))
#14 C:\\Users\\amiru\\OneDrive\\Documents\\GitHub_Project\\mobile-project\\vendor\\laravel\\framework\\src\\Illuminate\\Container\\Container.php(696): Illuminate\\Container\\BoundMethod::call(Object(Illuminate\\Foundation\\Application), Array, Array, NULL)
#15 C:\\Users\\amiru\\OneDrive\\Documents\\GitHub_Project\\mobile-project\\vendor\\laravel\\framework\\src\\Illuminate\\Console\\Command.php(213): Illuminate\\Container\\Container->call(Array)
#16 C:\\Users\\amiru\\OneDrive\\Documents\\GitHub_Project\\mobile-project\\vendor\\symfony\\console\\Command\\Command.php(341): Illuminate\\Console\\Command->execute(Object(Symfony\\Component\\Console\\Input\\ArgvInput), Object(Illuminate\\Console\\OutputStyle))
#17 C:\\Users\\amiru\\OneDrive\\Documents\\GitHub_Project\\mobile-project\\vendor\\laravel\\framework\\src\\Illuminate\\Console\\Command.php(182): Symfony\\Component\\Console\\Command\\Command->run(Object(Symfony\\Component\\Console\\Input\\ArgvInput), Object(Illuminate\\Console\\OutputStyle))
#18 C:\\Users\\amiru\\OneDrive\\Documents\\GitHub_Project\\mobile-project\\vendor\\symfony\\console\\Application.php(1102): Illuminate\\Console\\Command->run(Object(Symfony\\Component\\Console\\Input\\ArgvInput), Object(Symfony\\Component\\Console\\Output\\ConsoleOutput))
#19 C:\\Users\\amiru\\OneDrive\\Documents\\GitHub_Project\\mobile-project\\vendor\\symfony\\console\\Application.php(356): Symfony\\Component\\Console\\Application->doRunCommand(Object(Illuminate\\Database\\Console\\Migrations\\FreshCommand), Object(Symfony\\Component\\Console\\Input\\ArgvInput), Object(Symfony\\Component\\Console\\Output\\ConsoleOutput))
#20 C:\\Users\\amiru\\OneDrive\\Documents\\GitHub_Project\\mobile-project\\vendor\\symfony\\console\\Application.php(195): Symfony\\Component\\Console\\Application->doRun(Object(Symfony\\Component\\Console\\Input\\ArgvInput), Object(Symfony\\Component\\Console\\Output\\ConsoleOutput))
#21 C:\\Users\\amiru\\OneDrive\\Documents\\GitHub_Project\\mobile-project\\vendor\\laravel\\framework\\src\\Illuminate\\Foundation\\Console\\Kernel.php(198): Symfony\\Component\\Console\\Application->run(Object(Symfony\\Component\\Console\\Input\\ArgvInput), Object(Symfony\\Component\\Console\\Output\\ConsoleOutput))
#22 C:\\Users\\amiru\\OneDrive\\Documents\\GitHub_Project\\mobile-project\\vendor\\laravel\\framework\\src\\Illuminate\\Foundation\\Application.php(1235): Illuminate\\Foundation\\Console\\Kernel->handle(Object(Symfony\\Component\\Console\\Input\\ArgvInput), Object(Symfony\\Component\\Console\\Output\\ConsoleOutput))
#23 C:\\Users\\amiru\\OneDrive\\Documents\\GitHub_Project\\mobile-project\\artisan(16): Illuminate\\Foundation\\Application->handleCommand(Object(Symfony\\Component\\Console\\Input\\ArgvInput))
#24 {main}

[previous exception] [object] (PDOException(code: 1045): SQLSTATE[HY000] [1045] Access denied for user 'root'@'localhost' (using password: NO) at C:\\Users\\amiru\\OneDrive\\Documents\\GitHub_Project\\mobile-project\\vendor\\laravel\\framework\\src\\Illuminate\\Database\\Connectors\\Connector.php:67)
[stacktrace]
#0 C:\\Users\\amiru\\OneDrive\\Documents\\GitHub_Project\\mobile-project\\vendor\\laravel\\framework\\src\\Illuminate\\Database\\Connectors\\Connector.php(67): PDO::connect('mysql:host=127....', 'root', Object(SensitiveParameterValue), Array)
#1 C:\\Users\\amiru\\OneDrive\\Documents\\GitHub_Project\\mobile-project\\vendor\\laravel\\framework\\src\\Illuminate\\Database\\Connectors\\Connector.php(44): Illuminate\\Database\\Connectors\\Connector->createPdoConnection('mysql:host=127....', 'root', Object(SensitiveParameterValue), Array)
#2 C:\\Users\\amiru\\OneDrive\\Documents\\GitHub_Project\\mobile-project\\vendor\\laravel\\framework\\src\\Illuminate\\Database\\Connectors\\MySqlConnector.php(24): Illuminate\\Database\\Connectors\\Connector->createConnection('mysql:host=127....', Array, Array)
#3 C:\\Users\\amiru\\OneDrive\\Documents\\GitHub_Project\\mobile-project\\vendor\\laravel\\framework\\src\\Illuminate\\Database\\Connectors\\ConnectionFactory.php(185): Illuminate\\Database\\Connectors\\MySqlConnector->connect(Array)
#4 [internal function]: Illuminate\\Database\\Connectors\\ConnectionFactory->{closure:Illuminate\\Database\\Connectors\\ConnectionFactory::createPdoResolverWithHosts():180}()
#5 C:\\Users\\amiru\\OneDrive\\Documents\\GitHub_Project\\mobile-project\\vendor\\laravel\\framework\\src\\Illuminate\\Database\\Connection.php(1231): call_user_func(Object(Closure))
#6 C:\\Users\\amiru\\OneDrive\\Documents\\GitHub_Project\\mobile-project\\vendor\\laravel\\framework\\src\\Illuminate\\Database\\Connection.php(1267): Illuminate\\Database\\Connection->getPdo()
#7 C:\\Users\\amiru\\OneDrive\\Documents\\GitHub_Project\\mobile-project\\vendor\\laravel\\framework\\src\\Illuminate\\Database\\Connection.php(512): Illuminate\\Database\\Connection->getReadPdo()
#8 C:\\Users\\amiru\\OneDrive\\Documents\\GitHub_Project\\mobile-project\\vendor\\laravel\\framework\\src\\Illuminate\\Database\\Connection.php(407): Illuminate\\Database\\Connection->getPdoForSelect(true)
#9 C:\\Users\\amiru\\OneDrive\\Documents\\GitHub_Project\\mobile-project\\vendor\\laravel\\framework\\src\\Illuminate\\Database\\Connection.php(812): Illuminate\\Database\\Connection->{closure:Illuminate\\Database\\Connection::select():398}('select exists (...', Array)
#10 C:\\Users\\amiru\\OneDrive\\Documents\\GitHub_Project\\mobile-project\\vendor\\laravel\\framework\\src\\Illuminate\\Database\\Connection.php(779): Illuminate\\Database\\Connection->runQueryCallback('select exists (...', Array, Object(Closure))
#11 C:\\Users\\amiru\\OneDrive\\Documents\\GitHub_Project\\mobile-project\\vendor\\laravel\\framework\\src\\Illuminate\\Database\\Connection.php(398): Illuminate\\Database\\Connection->run('select exists (...', Array, Object(Closure))
#12 C:\\Users\\amiru\\OneDrive\\Documents\\GitHub_Project\\mobile-project\\vendor\\laravel\\framework\\src\\Illuminate\\Database\\Connection.php(344): Illuminate\\Database\\Connection->select('select exists (...', Array, true)
#13 C:\\Users\\amiru\\OneDrive\\Documents\\GitHub_Project\\mobile-project\\vendor\\laravel\\framework\\src\\Illuminate\\Database\\Connection.php(361): Illuminate\\Database\\Connection->selectOne('select exists (...', Array, true)
#14 C:\\Users\\amiru\\OneDrive\\Documents\\GitHub_Project\\mobile-project\\vendor\\laravel\\framework\\src\\Illuminate\\Database\\Schema\\MySqlBuilder.php(45): Illuminate\\Database\\Connection->scalar('select exists (...')
#15 C:\\Users\\amiru\\OneDrive\\Documents\\GitHub_Project\\mobile-project\\vendor\\laravel\\framework\\src\\Illuminate\\Database\\Migrations\\DatabaseMigrationRepository.php(184): Illuminate\\Database\\Schema\\MySqlBuilder->hasTable('migrations')
#16 C:\\Users\\amiru\\OneDrive\\Documents\\GitHub_Project\\mobile-project\\vendor\\laravel\\framework\\src\\Illuminate\\Database\\Migrations\\Migrator.php(742): Illuminate\\Database\\Migrations\\DatabaseMigrationRepository->repositoryExists()
#17 C:\\Users\\amiru\\OneDrive\\Documents\\GitHub_Project\\mobile-project\\vendor\\laravel\\framework\\src\\Illuminate\\Database\\Console\\Migrations\\FreshCommand.php(68): Illuminate\\Database\\Migrations\\Migrator->repositoryExists()
#18 C:\\Users\\amiru\\OneDrive\\Documents\\GitHub_Project\\mobile-project\\vendor\\laravel\\framework\\src\\Illuminate\\Database\\Migrations\\Migrator.php(658): Illuminate\\Database\\Console\\Migrations\\FreshCommand->{closure:Illuminate\\Database\\Console\\Migrations\\FreshCommand::handle():67}()
#19 C:\\Users\\amiru\\OneDrive\\Documents\\GitHub_Project\\mobile-project\\vendor\\laravel\\framework\\src\\Illuminate\\Database\\Console\\Migrations\\FreshCommand.php(67): Illuminate\\Database\\Migrations\\Migrator->usingConnection(NULL, Object(Closure))
#20 C:\\Users\\amiru\\OneDrive\\Documents\\GitHub_Project\\mobile-project\\vendor\\laravel\\framework\\src\\Illuminate\\Container\\BoundMethod.php(36): Illuminate\\Database\\Console\\Migrations\\FreshCommand->handle()
#21 C:\\Users\\amiru\\OneDrive\\Documents\\GitHub_Project\\mobile-project\\vendor\\laravel\\framework\\src\\Illuminate\\Container\\Util.php(43): Illuminate\\Container\\BoundMethod::{closure:Illuminate\\Container\\BoundMethod::call():35}()
#22 C:\\Users\\amiru\\OneDrive\\Documents\\GitHub_Project\\mobile-project\\vendor\\laravel\\framework\\src\\Illuminate\\Container\\BoundMethod.php(95): Illuminate\\Container\\Util::unwrapIfClosure(Object(Closure))
#23 C:\\Users\\amiru\\OneDrive\\Documents\\GitHub_Project\\mobile-project\\vendor\\laravel\\framework\\src\\Illuminate\\Container\\BoundMethod.php(35): Illuminate\\Container\\BoundMethod::callBoundMethod(Object(Illuminate\\Foundation\\Application), Array, Object(Closure))
#24 C:\\Users\\amiru\\OneDrive\\Documents\\GitHub_Project\\mobile-project\\vendor\\laravel\\framework\\src\\Illuminate\\Container\\Container.php(696): Illuminate\\Container\\BoundMethod::call(Object(Illuminate\\Foundation\\Application), Array, Array, NULL)
#25 C:\\Users\\amiru\\OneDrive\\Documents\\GitHub_Project\\mobile-project\\vendor\\laravel\\framework\\src\\Illuminate\\Console\\Command.php(213): Illuminate\\Container\\Container->call(Array)
#26 C:\\Users\\amiru\\OneDrive\\Documents\\GitHub_Project\\mobile-project\\vendor\\symfony\\console\\Command\\Command.php(341): Illuminate\\Console\\Command->execute(Object(Symfony\\Component\\Console\\Input\\ArgvInput), Object(Illuminate\\Console\\OutputStyle))
#27 C:\\Users\\amiru\\OneDrive\\Documents\\GitHub_Project\\mobile-project\\vendor\\laravel\\framework\\src\\Illuminate\\Console\\Command.php(182): Symfony\\Component\\Console\\Command\\Command->run(Object(Symfony\\Component\\Console\\Input\\ArgvInput), Object(Illuminate\\Console\\OutputStyle))
#28 C:\\Users\\amiru\\OneDrive\\Documents\\GitHub_Project\\mobile-project\\vendor\\symfony\\console\\Application.php(1102): Illuminate\\Console\\Command->run(Object(Symfony\\Component\\Console\\Input\\ArgvInput), Object(Symfony\\Component\\Console\\Output\\ConsoleOutput))
#29 C:\\Users\\amiru\\OneDrive\\Documents\\GitHub_Project\\mobile-project\\vendor\\symfony\\console\\Application.php(356): Symfony\\Component\\Console\\Application->doRunCommand(Object(Illuminate\\Database\\Console\\Migrations\\FreshCommand), Object(Symfony\\Component\\Console\\Input\\ArgvInput), Object(Symfony\\Component\\Console\\Output\\ConsoleOutput))
#30 C:\\Users\\amiru\\OneDrive\\Documents\\GitHub_Project\\mobile-project\\vendor\\symfony\\console\\Application.php(195): Symfony\\Component\\Console\\Application->doRun(Object(Symfony\\Component\\Console\\Input\\ArgvInput), Object(Symfony\\Component\\Console\\Output\\ConsoleOutput))
#31 C:\\Users\\amiru\\OneDrive\\Documents\\GitHub_Project\\mobile-project\\vendor\\laravel\\framework\\src\\Illuminate\\Foundation\\Console\\Kernel.php(198): Symfony\\Component\\Console\\Application->run(Object(Symfony\\Component\\Console\\Input\\ArgvInput), Object(Symfony\\Component\\Console\\Output\\ConsoleOutput))
#32 C:\\Users\\amiru\\OneDrive\\Documents\\GitHub_Project\\mobile-project\\vendor\\laravel\\framework\\src\\Illuminate\\Foundation\\Application.php(1235): Illuminate\\Foundation\\Console\\Kernel->handle(Object(Symfony\\Component\\Console\\Input\\ArgvInput), Object(Symfony\\Component\\Console\\Output\\ConsoleOutput))
#33 C:\\Users\\amiru\\OneDrive\\Documents\\GitHub_Project\\mobile-project\\artisan(16): Illuminate\\Foundation\\Application->handleCommand(Object(Symfony\\Component\\Console\\Input\\ArgvInput))
#34 {main}
"} 
[2026-01-27 15:37:28] local.ERROR: The "--take" option does not exist. {"exception":"[object] (Symfony\\Component\\Console\\Exception\\RuntimeException(code: 0): The \"--take\" option does not exist. at C:\\Users\\amiru\\OneDrive\\Documents\\GitHub_Project\\mobile-project\\vendor\\symfony\\console\\Input\\ArgvInput.php:226)
[stacktrace]
#0 C:\\Users\\amiru\\OneDrive\\Documents\\GitHub_Project\\mobile-project\\vendor\\symfony\\console\\Input\\ArgvInput.php(153): Symfony\\Component\\Console\\Input\\ArgvInput->addLongOption('take', '3')
#1 C:\\Users\\amiru\\OneDrive\\Documents\\GitHub_Project\\mobile-project\\vendor\\symfony\\console\\Input\\ArgvInput.php(88): Symfony\\Component\\Console\\Input\\ArgvInput->parseLongOption('--take=3')
#2 C:\\Users\\amiru\\OneDrive\\Documents\\GitHub_Project\\mobile-project\\vendor\\symfony\\console\\Input\\ArgvInput.php(77): Symfony\\Component\\Console\\Input\\ArgvInput->parseToken('--take=3', true)
#3 C:\\Users\\amiru\\OneDrive\\Documents\\GitHub_Project\\mobile-project\\vendor\\symfony\\console\\Input\\Input.php(53): Symfony\\Component\\Console\\Input\\ArgvInput->parse()
#4 C:\\Users\\amiru\\OneDrive\\Documents\\GitHub_Project\\mobile-project\\vendor\\symfony\\console\\Command\\Command.php(295): Symfony\\Component\\Console\\Input\\Input->bind(Object(Symfony\\Component\\Console\\Input\\InputDefinition))
#5 C:\\Users\\amiru\\OneDrive\\Documents\\GitHub_Project\\mobile-project\\vendor\\laravel\\framework\\src\\Illuminate\\Console\\Command.php(182): Symfony\\Component\\Console\\Command\\Command->run(Object(Symfony\\Component\\Console\\Input\\ArgvInput), Object(Illuminate\\Console\\OutputStyle))
#6 C:\\Users\\amiru\\OneDrive\\Documents\\GitHub_Project\\mobile-project\\vendor\\symfony\\console\\Application.php(1102): Illuminate\\Console\\Command->run(Object(Symfony\\Component\\Console\\Input\\ArgvInput), Object(Symfony\\Component\\Console\\Output\\ConsoleOutput))
#7 C:\\Users\\amiru\\OneDrive\\Documents\\GitHub_Project\\mobile-project\\vendor\\symfony\\console\\Application.php(356): Symfony\\Component\\Console\\Application->doRunCommand(Object(Illuminate\\Database\\Console\\TableCommand), Object(Symfony\\Component\\Console\\Input\\ArgvInput), Object(Symfony\\Component\\Console\\Output\\ConsoleOutput))
#8 C:\\Users\\amiru\\OneDrive\\Documents\\GitHub_Project\\mobile-project\\vendor\\symfony\\console\\Application.php(195): Symfony\\Component\\Console\\Application->doRun(Object(Symfony\\Component\\Console\\Input\\ArgvInput), Object(Symfony\\Component\\Console\\Output\\ConsoleOutput))
#9 C:\\Users\\amiru\\OneDrive\\Documents\\GitHub_Project\\mobile-project\\vendor\\laravel\\framework\\src\\Illuminate\\Foundation\\Console\\Kernel.php(198): Symfony\\Component\\Console\\Application->run(Object(Symfony\\Component\\Console\\Input\\ArgvInput), Object(Symfony\\Component\\Console\\Output\\ConsoleOutput))
#10 C:\\Users\\amiru\\OneDrive\\Documents\\GitHub_Project\\mobile-project\\vendor\\laravel\\framework\\src\\Illuminate\\Foundation\\Application.php(1235): Illuminate\\Foundation\\Console\\Kernel->handle(Object(Symfony\\Component\\Console\\Input\\ArgvInput), Object(Symfony\\Component\\Console\\Output\\ConsoleOutput))
#11 C:\\Users\\amiru\\OneDrive\\Documents\\GitHub_Project\\mobile-project\\artisan(16): Illuminate\\Foundation\\Application->handleCommand(Object(Symfony\\Component\\Console\\Input\\ArgvInput))
#12 {main}
"} 
[2026-01-28 02:21:53] local.ERROR: Call to undefined method App\Models\User::createToken() {"exception":"[object] (BadMethodCallException(code: 0): Call to undefined method App\\Models\\User::createToken() at C:\\Users\\amiru\\OneDrive\\Documents\\GitHub_Project\\mobile-project\\vendor\\laravel\\framework\\src\\Illuminate\\Support\\Traits\\ForwardsCalls.php:67)
[stacktrace]
#0 C:\\Users\\amiru\\OneDrive\\Documents\\GitHub_Project\\mobile-project\\vendor\\laravel\\framework\\src\\Illuminate\\Support\\Traits\\ForwardsCalls.php(36): Illuminate\\Database\\Eloquent\\Model::throwBadMethodCallException('createToken')
#1 C:\\Users\\amiru\\OneDrive\\Documents\\GitHub_Project\\mobile-project\\vendor\\laravel\\framework\\src\\Illuminate\\Database\\Eloquent\\Model.php(2372): Illuminate\\Database\\Eloquent\\Model->forwardCallTo(Object(Illuminate\\Database\\Eloquent\\Builder), 'createToken', Array)
#2 C:\\Users\\amiru\\OneDrive\\Documents\\GitHub_Project\\mobile-project\\app\\Http\\Controllers\\Api\\AuthApiController.php(33): Illuminate\\Database\\Eloquent\\Model->__call('createToken', Array)
#3 C:\\Users\\amiru\\OneDrive\\Documents\\GitHub_Project\\mobile-project\\vendor\\laravel\\framework\\src\\Illuminate\\Routing\\ControllerDispatcher.php(47): App\\Http\\Controllers\\Api\\AuthApiController->register(Object(Illuminate\\Http\\Request))
#4 C:\\Users\\amiru\\OneDrive\\Documents\\GitHub_Project\\mobile-project\\vendor\\laravel\\framework\\src\\Illuminate\\Routing\\Route.php(266): Illuminate\\Routing\\ControllerDispatcher->dispatch(Object(Illuminate\\Routing\\Route), Object(App\\Http\\Controllers\\Api\\AuthApiController), 'register')
#5 C:\\Users\\amiru\\OneDrive\\Documents\\GitHub_Project\\mobile-project\\vendor\\laravel\\framework\\src\\Illuminate\\Routing\\Route.php(212): Illuminate\\Routing\\Route->runController()
#6 C:\\Users\\amiru\\OneDrive\\Documents\\GitHub_Project\\mobile-project\\vendor\\laravel\\framework\\src\\Illuminate\\Routing\\Router.php(808): Illuminate\\Routing\\Route->run()
#7 C:\\Users\\amiru\\OneDrive\\Documents\\GitHub_Project\\mobile-project\\vendor\\laravel\\framework\\src\\Illuminate\\Pipeline\\Pipeline.php(170): Illuminate\\Routing\\Router->{closure:Illuminate\\Routing\\Router::runRouteWithinStack():807}(Object(Illuminate\\Http\\Request))
#8 C:\\Users\\amiru\\OneDrive\\Documents\\GitHub_Project\\mobile-project\\vendor\\laravel\\framework\\src\\Illuminate\\Routing\\Middleware\\SubstituteBindings.php(51): Illuminate\\Pipeline\\Pipeline->{closure:Illuminate\\Pipeline\\Pipeline::prepareDestination():168}(Object(Illuminate\\Http\\Request))
#9 C:\\Users\\amiru\\OneDrive\\Documents\\GitHub_Project\\mobile-project\\vendor\\laravel\\framework\\src\\Illuminate\\Pipeline\\Pipeline.php(209): Illuminate\\Routing\\Middleware\\SubstituteBindings->handle(Object(Illuminate\\Http\\Request), Object(Closure))
#10 C:\\Users\\amiru\\OneDrive\\Documents\\GitHub_Project\\mobile-project\\vendor\\laravel\\framework\\src\\Illuminate\\Pipeline\\Pipeline.php(127): Illuminate\\Pipeline\\Pipeline->{closure:{closure:Illuminate\\Pipeline\\Pipeline::carry():184}:185}(Object(Illuminate\\Http\\Request))
#11 C:\\Users\\amiru\\OneDrive\\Documents\\GitHub_Project\\mobile-project\\vendor\\laravel\\framework\\src\\Illuminate\\Routing\\Router.php(807): Illuminate\\Pipeline\\Pipeline->then(Object(Closure))
#12 C:\\Users\\amiru\\OneDrive\\Documents\\GitHub_Project\\mobile-project\\vendor\\laravel\\framework\\src\\Illuminate\\Routing\\Router.php(786): Illuminate\\Routing\\Router->runRouteWithinStack(Object(Illuminate\\Routing\\Route), Object(Illuminate\\Http\\Request))
#13 C:\\Users\\amiru\\OneDrive\\Documents\\GitHub_Project\\mobile-project\\vendor\\laravel\\framework\\src\\Illuminate\\Routing\\Router.php(750): Illuminate\\Routing\\Router->runRoute(Object(Illuminate\\Http\\Request), Object(Illuminate\\Routing\\Route))
#14 C:\\Users\\amiru\\OneDrive\\Documents\\GitHub_Project\\mobile-project\\vendor\\laravel\\framework\\src\\Illuminate\\Routing\\Router.php(739): Illuminate\\Routing\\Router->dispatchToRoute(Object(Illuminate\\Http\\Request))
#15 C:\\Users\\amiru\\OneDrive\\Documents\\GitHub_Project\\mobile-project\\vendor\\laravel\\framework\\src\\Illuminate\\Foundation\\Http\\Kernel.php(201): Illuminate\\Routing\\Router->dispatch(Object(Illuminate\\Http\\Request))
#16 C:\\Users\\amiru\\OneDrive\\Documents\\GitHub_Project\\mobile-project\\vendor\\laravel\\framework\\src\\Illuminate\\Pipeline\\Pipeline.php(170): Illuminate\\Foundation\\Http\\Kernel->{closure:Illuminate\\Foundation\\Http\\Kernel::dispatchToRouter():198}(Object(Illuminate\\Http\\Request))
#17 C:\\Users\\amiru\\OneDrive\\Documents\\GitHub_Project\\mobile-project\\vendor\\livewire\\livewire\\src\\Features\\SupportDisablingBackButtonCache\\DisableBackButtonCacheMiddleware.php(19): Illuminate\\Pipeline\\Pipeline->{closure:Illuminate\\Pipeline\\Pipeline::prepareDestination():168}(Object(Illuminate\\Http\\Request))
#18 C:\\Users\\amiru\\OneDrive\\Documents\\GitHub_Project\\mobile-project\\vendor\\laravel\\framework\\src\\Illuminate\\Pipeline\\Pipeline.php(209): Livewire\\Features\\SupportDisablingBackButtonCache\\DisableBackButtonCacheMiddleware->handle(Object(Illuminate\\Http\\Request), Object(Closure))
#19 C:\\Users\\amiru\\OneDrive\\Documents\\GitHub_Project\\mobile-project\\vendor\\laravel\\framework\\src\\Illuminate\\Foundation\\Http\\Middleware\\TransformsRequest.php(21): Illuminate\\Pipeline\\Pipeline->{closure:{closure:Illuminate\\Pipeline\\Pipeline::carry():184}:185}(Object(Illuminate\\Http\\Request))
#20 C:\\Users\\amiru\\OneDrive\\Documents\\GitHub_Project\\mobile-project\\vendor\\laravel\\framework\\src\\Illuminate\\Foundation\\Http\\Middleware\\ConvertEmptyStringsToNull.php(31): Illuminate\\Foundation\\Http\\Middleware\\TransformsRequest->handle(Object(Illuminate\\Http\\Request), Object(Closure))
#21 C:\\Users\\amiru\\OneDrive\\Documents\\GitHub_Project\\mobile-project\\vendor\\laravel\\framework\\src\\Illuminate\\Pipeline\\Pipeline.php(209): Illuminate\\Foundation\\Http\\Middleware\\ConvertEmptyStringsToNull->handle(Object(Illuminate\\Http\\Request), Object(Closure))
#22 C:\\Users\\amiru\\OneDrive\\Documents\\GitHub_Project\\mobile-project\\vendor\\laravel\\framework\\src\\Illuminate\\Foundation\\Http\\Middleware\\TransformsRequest.php(21): Illuminate\\Pipeline\\Pipeline->{closure:{closure:Illuminate\\Pipeline\\Pipeline::carry():184}:185}(Object(Illuminate\\Http\\Request))
#23 C:\\Users\\amiru\\OneDrive\\Documents\\GitHub_Project\\mobile-project\\vendor\\laravel\\framework\\src\\Illuminate\\Foundation\\Http\\Middleware\\TrimStrings.php(51): Illuminate\\Foundation\\Http\\Middleware\\TransformsRequest->handle(Object(Illuminate\\Http\\Request), Object(Closure))
#24 C:\\Users\\amiru\\OneDrive\\Documents\\GitHub_Project\\mobile-project\\vendor\\laravel\\framework\\src\\Illuminate\\Pipeline\\Pipeline.php(209): Illuminate\\Foundation\\Http\\Middleware\\TrimStrings->handle(Object(Illuminate\\Http\\Request), Object(Closure))
#25 C:\\Users\\amiru\\OneDrive\\Documents\\GitHub_Project\\mobile-project\\vendor\\laravel\\framework\\src\\Illuminate\\Http\\Middleware\\ValidatePostSize.php(27): Illuminate\\Pipeline\\Pipeline->{closure:{closure:Illuminate\\Pipeline\\Pipeline::carry():184}:185}(Object(Illuminate\\Http\\Request))
#26 C:\\Users\\amiru\\OneDrive\\Documents\\GitHub_Project\\mobile-project\\vendor\\laravel\\framework\\src\\Illuminate\\Pipeline\\Pipeline.php(209): Illuminate\\Http\\Middleware\\ValidatePostSize->handle(Object(Illuminate\\Http\\Request), Object(Closure))
#27 C:\\Users\\amiru\\OneDrive\\Documents\\GitHub_Project\\mobile-project\\vendor\\laravel\\framework\\src\\Illuminate\\Foundation\\Http\\Middleware\\PreventRequestsDuringMaintenance.php(110): Illuminate\\Pipeline\\Pipeline->{closure:{closure:Illuminate\\Pipeline\\Pipeline::carry():184}:185}(Object(Illuminate\\Http\\Request))
#28 C:\\Users\\amiru\\OneDrive\\Documents\\GitHub_Project\\mobile-project\\vendor\\laravel\\framework\\src\\Illuminate\\Pipeline\\Pipeline.php(209): Illuminate\\Foundation\\Http\\Middleware\\PreventRequestsDuringMaintenance->handle(Object(Illuminate\\Http\\Request), Object(Closure))
#29 C:\\Users\\amiru\\OneDrive\\Documents\\GitHub_Project\\mobile-project\\vendor\\laravel\\framework\\src\\Illuminate\\Http\\Middleware\\HandleCors.php(62): Illuminate\\Pipeline\\Pipeline->{closure:{closure:Illuminate\\Pipeline\\Pipeline::carry():184}:185}(Object(Illuminate\\Http\\Request))
#30 C:\\Users\\amiru\\OneDrive\\Documents\\GitHub_Project\\mobile-project\\vendor\\laravel\\framework\\src\\Illuminate\\Pipeline\\Pipeline.php(209): Illuminate\\Http\\Middleware\\HandleCors->handle(Object(Illuminate\\Http\\Request), Object(Closure))
#31 C:\\Users\\amiru\\OneDrive\\Documents\\GitHub_Project\\mobile-project\\vendor\\laravel\\framework\\src\\Illuminate\\Http\\Middleware\\TrustProxies.php(58): Illuminate\\Pipeline\\Pipeline->{closure:{closure:Illuminate\\Pipeline\\Pipeline::carry():184}:185}(Object(Illuminate\\Http\\Request))
#32 C:\\Users\\amiru\\OneDrive\\Documents\\GitHub_Project\\mobile-project\\vendor\\laravel\\framework\\src\\Illuminate\\Pipeline\\Pipeline.php(209): Illuminate\\Http\\Middleware\\TrustProxies->handle(Object(Illuminate\\Http\\Request), Object(Closure))
#33 C:\\Users\\amiru\\OneDrive\\Documents\\GitHub_Project\\mobile-project\\vendor\\laravel\\framework\\src\\Illuminate\\Foundation\\Http\\Middleware\\InvokeDeferredCallbacks.php(22): Illuminate\\Pipeline\\Pipeline->{closure:{closure:Illuminate\\Pipeline\\Pipeline::carry():184}:185}(Object(Illuminate\\Http\\Request))
#34 C:\\Users\\amiru\\OneDrive\\Documents\\GitHub_Project\\mobile-project\\vendor\\laravel\\framework\\src\\Illuminate\\Pipeline\\Pipeline.php(209): Illuminate\\Foundation\\Http\\Middleware\\InvokeDeferredCallbacks->handle(Object(Illuminate\\Http\\Request), Object(Closure))
#35 C:\\Users\\amiru\\OneDrive\\Documents\\GitHub_Project\\mobile-project\\vendor\\laravel\\framework\\src\\Illuminate\\Pipeline\\Pipeline.php(127): Illuminate\\Pipeline\\Pipeline->{closure:{closure:Illuminate\\Pipeline\\Pipeline::carry():184}:185}(Object(Illuminate\\Http\\Request))
#36 C:\\Users\\amiru\\OneDrive\\Documents\\GitHub_Project\\mobile-project\\vendor\\laravel\\framework\\src\\Illuminate\\Foundation\\Http\\Kernel.php(176): Illuminate\\Pipeline\\Pipeline->then(Object(Closure))
#37 C:\\Users\\amiru\\OneDrive\\Documents\\GitHub_Project\\mobile-project\\vendor\\laravel\\framework\\src\\Illuminate\\Foundation\\Http\\Kernel.php(145): Illuminate\\Foundation\\Http\\Kernel->sendRequestThroughRouter(Object(Illuminate\\Http\\Request))
#38 C:\\Users\\amiru\\OneDrive\\Documents\\GitHub_Project\\mobile-project\\vendor\\laravel\\framework\\src\\Illuminate\\Foundation\\Application.php(1220): Illuminate\\Foundation\\Http\\Kernel->handle(Object(Illuminate\\Http\\Request))
#39 C:\\Users\\amiru\\OneDrive\\Documents\\GitHub_Project\\mobile-project\\public\\index.php(20): Illuminate\\Foundation\\Application->handleRequest(Object(Illuminate\\Http\\Request))
#40 C:\\Users\\amiru\\OneDrive\\Documents\\GitHub_Project\\mobile-project\\vendor\\laravel\\framework\\src\\Illuminate\\Foundation\\resources\\server.php(23): require_once('C:\\\\Users\\\\amiru\\\\...')
#41 {main}
"} 
